scientific_name,taxon_id,dataset,image_count,role
Abeliophyllum distichum,,plantnet300k-v2,6,pretraining_only
Acacia auriculiformis,,plantnet300k-v2,34,pretraining_only
Acacia baileyana,,plantnet300k-v2,71,pretraining_only
Acacia cognata,,plantnet300k-v2,5,pretraining_only
Acacia confluens,,plantnet300k-v2,9,pretraining_only
Acacia confusa,,plantnet300k-v2,6,pretraining_only
Acacia dealbata,,plantnet300k-v2,1285,pretraining_only
Acacia heterophylla,,plantnet300k-v2,50,pretraining_only
Acacia koa,,plantnet300k-v2,8,pretraining_only
Acacia longifolia,,plantnet300k-v2,130,pretraining_only
Acacia mangium,,plantnet300k-v2,27,pretraining_only
Acacia mearnsii,,plantnet300k-v2,130,pretraining_only
Acacia melanoxylon,,plantnet300k-v2,104,pretraining_only
Acacia podalyriifolia,,plantnet300k-v2,17,pretraining_only
Acacia pravissima,,plantnet300k-v2,4,pretraining_only
Acacia pycnantha,,plantnet300k-v2,57,pretraining_only
Acacia redolens,,plantnet300k-v2,6,pretraining_only
Acacia retinodes,,plantnet300k-v2,325,pretraining_only
Acacia saligna,,plantnet300k-v2,105,pretraining_only
Acacia simplex,,plantnet300k-v2,4,pretraining_only
Acacia spirorbis,,plantnet300k-v2,10,pretraining_only
Acaciella angustissima,,plantnet300k-v2,10,pretraining_only
Acalypha alopecuroidea,,plantnet300k-v2,15,pretraining_only
Acalypha crenata,,plantnet300k-v2,12,pretraining_only
Acalypha hispida,,plantnet300k-v2,191,pretraining_only
Acalypha indica,,plantnet300k-v2,108,pretraining_only
Acalypha integrifolia,,plantnet300k-v2,9,pretraining_only
Acalypha macrostachya,,plantnet300k-v2,16,pretraining_only
Acalypha virginica,,plantnet300k-v2,145,pretraining_only
Acalypha wilkesiana,,plantnet300k-v2,299,pretraining_only
Achyranthes aspera,,plantnet300k-v2,103,pretraining_only
Aciotis rubricaulis,,plantnet300k-v2,5,pretraining_only
Adenostyles alliariae,,plantnet300k-v2,331,pretraining_only
Adenostyles alpina,,plantnet300k-v2,500,pretraining_only
Adenostyles leucophylla,,plantnet300k-v2,92,pretraining_only
Adlumia fungosa,,plantnet300k-v2,4,pretraining_only
Adonis aestivalis,,plantnet300k-v2,114,pretraining_only
Adonis annua,,plantnet300k-v2,143,pretraining_only
Adonis flammea,,plantnet300k-v2,29,pretraining_only
Adonis microcarpa,,plantnet300k-v2,9,pretraining_only
Adonis pyrenaica,,plantnet300k-v2,11,pretraining_only
Adonis vernalis,,plantnet300k-v2,164,pretraining_only
Aegopodium podagraria,,plantnet300k-v2,2983,pretraining_only
Aeschynomene americana,,plantnet300k-v2,14,pretraining_only
Aextoxicon punctatum,,plantnet300k-v2,7,pretraining_only
Aizoanthemopsis hispanica,,plantnet300k-v2,6,pretraining_only
Aizoon canariense,,plantnet300k-v2,14,pretraining_only
Alcea biennis,,plantnet300k-v2,83,pretraining_only
Alcea rosea,,plantnet300k-v2,5357,pretraining_only
Alcea setosa,,plantnet300k-v2,24,pretraining_only
Alibertia edulis,,plantnet300k-v2,5,pretraining_only
Alliaria petiolata,,plantnet300k-v2,8570,pretraining_only
Alocasia baginda,,plantnet300k-v2,4,pretraining_only
Alocasia cucullata,,plantnet300k-v2,137,pretraining_only
Alocasia cuprea,,plantnet300k-v2,9,pretraining_only
Alocasia lauterbachiana,,plantnet300k-v2,18,pretraining_only
Alocasia longiloba,,plantnet300k-v2,76,pretraining_only
Alocasia macrorrhizos,,plantnet300k-v2,374,pretraining_only
Alocasia micholitziana,,plantnet300k-v2,59,pretraining_only
Alocasia odora,,plantnet300k-v2,59,pretraining_only
Alocasia reginula,,plantnet300k-v2,32,pretraining_only
Alocasia sanderiana,,plantnet300k-v2,447,pretraining_only
Alocasia wentii,,plantnet300k-v2,10,pretraining_only
Alocasia zebrina,,plantnet300k-v2,63,pretraining_only
Althaea cannabina,,plantnet300k-v2,294,pretraining_only
Althaea officinalis,,plantnet300k-v2,932,pretraining_only
Anemonastrum canadense,,plantnet300k-v2,175,pretraining_only
Anemonastrum narcissiflorum,,plantnet300k-v2,254,pretraining_only
Anemone coronaria,,plantnet300k-v2,846,pretraining_only
Anemone hortensis,,plantnet300k-v2,439,pretraining_only
Anemone multifida,,plantnet300k-v2,7,pretraining_only
Anemone palmata,,plantnet300k-v2,21,pretraining_only
Anemone pavoniana,,plantnet300k-v2,4,pretraining_only
Anemone virginiana,,plantnet300k-v2,70,pretraining_only
Anemonoides apennina,,plantnet300k-v2,155,pretraining_only
Anemonoides baldensis,,plantnet300k-v2,45,pretraining_only
Anemonoides blanda,,plantnet300k-v2,569,pretraining_only
Anemonoides nemorosa,,plantnet300k-v2,4234,pretraining_only
Anemonoides ranunculoides,,plantnet300k-v2,599,pretraining_only
Anemonoides sylvestris,,plantnet300k-v2,591,pretraining_only
Anemonoides trifolia,,plantnet300k-v2,44,pretraining_only
Angelica archangelica,,plantnet300k-v2,298,pretraining_only
Angelica atropurpurea,,plantnet300k-v2,67,pretraining_only
Angelica heterocarpa,,plantnet300k-v2,4,pretraining_only
Angelica lucida,,plantnet300k-v2,5,pretraining_only
Angelica razulii,,plantnet300k-v2,18,pretraining_only
Angelica sylvestris,,plantnet300k-v2,2196,pretraining_only
Angostura granulosa,,plantnet300k-v2,6,pretraining_only
Ansellia africana,,plantnet300k-v2,9,pretraining_only
Anthericum liliago,,plantnet300k-v2,924,pretraining_only
Anthericum ramosum,,plantnet300k-v2,191,pretraining_only
Anthurium andraeanum,,plantnet300k-v2,2802,pretraining_only
Anthurium clarinervium,,plantnet300k-v2,79,pretraining_only
Anthurium crystallinum,,plantnet300k-v2,5,pretraining_only
Anthurium faustomirandae,,plantnet300k-v2,7,pretraining_only
Anthurium hookeri,,plantnet300k-v2,44,pretraining_only
Anthurium jenmanii,,plantnet300k-v2,10,pretraining_only
Anthurium salvinii,,plantnet300k-v2,11,pretraining_only
Anthurium scandens,,plantnet300k-v2,4,pretraining_only
Anthurium scherzerianum,,plantnet300k-v2,28,pretraining_only
Anthurium schlechtendalii,,plantnet300k-v2,8,pretraining_only
Anthurium veitchii,,plantnet300k-v2,10,pretraining_only
Anthurium warocqueanum,,plantnet300k-v2,7,pretraining_only
Antirhea borbonica,,plantnet300k-v2,19,pretraining_only
Aphelandra aurantiaca,,plantnet300k-v2,4,pretraining_only
Aphelandra scabra,,plantnet300k-v2,7,pretraining_only
Aphelandra sinclairiana,,plantnet300k-v2,6,pretraining_only
Aphelandra squarrosa,,plantnet300k-v2,285,pretraining_only
Aralia californica,,plantnet300k-v2,8,pretraining_only
Aralia elata,,plantnet300k-v2,105,pretraining_only
Aralia hispida,,plantnet300k-v2,9,pretraining_only
Aralia nudicaulis,,plantnet300k-v2,173,pretraining_only
Aralia racemosa,,plantnet300k-v2,46,pretraining_only
Aralia spinosa,,plantnet300k-v2,58,pretraining_only
Aristea abyssinica,,plantnet300k-v2,6,pretraining_only
Aristea ecklonii,,plantnet300k-v2,5,pretraining_only
Arthraxon hispidus,,plantnet300k-v2,5,pretraining_only
Aspilia mossambicensis,,plantnet300k-v2,27,pretraining_only
Aspilia pluriseta,,plantnet300k-v2,6,pretraining_only
Astydamia latifolia,,plantnet300k-v2,11,pretraining_only
Asystasia charmian,,plantnet300k-v2,8,pretraining_only
Asystasia gangetica,,plantnet300k-v2,244,pretraining_only
Asystasia mysorensis,,plantnet300k-v2,12,pretraining_only
Asystasia riparia,,plantnet300k-v2,5,pretraining_only
Athyrium niponicum,,plantnet300k-v2,16,pretraining_only
Atocion rupestre,,plantnet300k-v2,156,pretraining_only
Atractocarpus platixylon,,plantnet300k-v2,4,pretraining_only
Barbarea intermedia,,plantnet300k-v2,34,pretraining_only
Barbarea orthoceras,,plantnet300k-v2,67,pretraining_only
Barbarea rupicola,,plantnet300k-v2,7,pretraining_only
Barbarea verna,,plantnet300k-v2,321,pretraining_only
Barbarea vulgaris,,plantnet300k-v2,1355,pretraining_only
Barringtonia acutangula,,plantnet300k-v2,4,pretraining_only
Barringtonia asiatica,,plantnet300k-v2,107,pretraining_only
Bellium bellidioides,,plantnet300k-v2,10,pretraining_only
Berula erecta,,plantnet300k-v2,124,pretraining_only
Bismarckia nobilis,,plantnet300k-v2,71,pretraining_only
Bocoa prouacensis,,plantnet300k-v2,56,pretraining_only
Boscia coriacea,,plantnet300k-v2,9,pretraining_only
Boscia integrifolia,,plantnet300k-v2,8,pretraining_only
Boscia mossambicensis,,plantnet300k-v2,8,pretraining_only
Bourreria andrieuxii,,plantnet300k-v2,4,pretraining_only
Bourreria costaricensis,,plantnet300k-v2,7,pretraining_only
Bourreria succulenta,,plantnet300k-v2,4,pretraining_only
Breynia disticha,,plantnet300k-v2,159,pretraining_only
Breynia vitis-idaea,,plantnet300k-v2,6,pretraining_only
Brodiaea elegans,,plantnet300k-v2,13,pretraining_only
Browallia americana,,plantnet300k-v2,11,pretraining_only
Browallia speciosa,,plantnet300k-v2,4,pretraining_only
Butomus umbellatus,,plantnet300k-v2,380,pretraining_only
Calendula arvensis,,plantnet300k-v2,1291,pretraining_only
Calendula officinalis,,plantnet300k-v2,6046,pretraining_only
Calendula stellata,,plantnet300k-v2,99,pretraining_only
Calochortus eurycarpus,,plantnet300k-v2,4,pretraining_only
Calochortus gunnisonii,,plantnet300k-v2,7,pretraining_only
Calochortus leichtlinii,,plantnet300k-v2,6,pretraining_only
Calochortus luteus,,plantnet300k-v2,6,pretraining_only
Calochortus macrocarpus,,plantnet300k-v2,14,pretraining_only
Calochortus splendens,,plantnet300k-v2,4,pretraining_only
Calochortus tolmiei,,plantnet300k-v2,6,pretraining_only
Calodendrum capense,,plantnet300k-v2,11,pretraining_only
Calycanthus floridus,,plantnet300k-v2,360,pretraining_only
Calycanthus occidentalis,,plantnet300k-v2,6,pretraining_only
Caraipa densifolia,,plantnet300k-v2,6,pretraining_only
Caraipa punctulata,,plantnet300k-v2,4,pretraining_only
Carex punicea,,plantnet300k-v2,4,pretraining_only
Carthamus caeruleus,,plantnet300k-v2,13,pretraining_only
Carthamus carduncellus,,plantnet300k-v2,52,pretraining_only
Carthamus mitissimus,,plantnet300k-v2,82,pretraining_only
Carthamus tinctorius,,plantnet300k-v2,232,pretraining_only
Casuarina cunninghamiana,,plantnet300k-v2,305,pretraining_only
Casuarina equisetifolia,,plantnet300k-v2,123,pretraining_only
Cedrela fissilis,,plantnet300k-v2,4,pretraining_only
Cedrela odorata,,plantnet300k-v2,25,pretraining_only
Cenchrus ciliaris,,plantnet300k-v2,46,pretraining_only
Cenchrus clandestinus,,plantnet300k-v2,4,pretraining_only
Cenchrus echinatus,,plantnet300k-v2,12,pretraining_only
Cenchrus longisetus,,plantnet300k-v2,61,pretraining_only
Cenchrus longispinus,,plantnet300k-v2,12,pretraining_only
Cenchrus purpureus,,plantnet300k-v2,26,pretraining_only
Cenchrus setaceus,,plantnet300k-v2,387,pretraining_only
Cephalocereus polylophus,,plantnet300k-v2,11,pretraining_only
Cerbera manghas,,plantnet300k-v2,26,pretraining_only
Cereus forbesii,,plantnet300k-v2,27,pretraining_only
Cereus hexagonus,,plantnet300k-v2,139,pretraining_only
Cereus hildmannianus,,plantnet300k-v2,29,pretraining_only
Cereus jamacaru,,plantnet300k-v2,287,pretraining_only
Cereus repandus,,plantnet300k-v2,114,pretraining_only
Chaerophyllum aromaticum,,plantnet300k-v2,4,pretraining_only
Chaerophyllum aureum,,plantnet300k-v2,86,pretraining_only
Chaerophyllum bulbosum,,plantnet300k-v2,64,pretraining_only
Chaerophyllum hirsutum,,plantnet300k-v2,290,pretraining_only
Chaerophyllum tainturieri,,plantnet300k-v2,15,pretraining_only
Chaerophyllum temulum,,plantnet300k-v2,993,pretraining_only
Chaerophyllum villarsii,,plantnet300k-v2,26,pretraining_only
Cicerbita alpina,,plantnet300k-v2,440,pretraining_only
Cicerbita macrophylla,,plantnet300k-v2,9,pretraining_only
Cicerbita plumieri,,plantnet300k-v2,221,pretraining_only
Cirsium acaulon,,plantnet300k-v2,327,pretraining_only
Cirsium alsophilum,,plantnet300k-v2,11,pretraining_only
Cirsium altissimum,,plantnet300k-v2,33,pretraining_only
Cirsium arvense,,plantnet300k-v2,4275,pretraining_only
Cirsium canum,,plantnet300k-v2,14,pretraining_only
Cirsium discolor,,plantnet300k-v2,19,pretraining_only
Cirsium dissectum,,plantnet300k-v2,30,pretraining_only
Cirsium erisithales,,plantnet300k-v2,142,pretraining_only
Cirsium filipendulum,,plantnet300k-v2,6,pretraining_only
Cirsium foliosum,,plantnet300k-v2,8,pretraining_only
Cirsium glabrum,,plantnet300k-v2,4,pretraining_only
Cirsium heterophyllum,,plantnet300k-v2,225,pretraining_only
Cirsium horridulum,,plantnet300k-v2,24,pretraining_only
Cirsium monspessulanum,,plantnet300k-v2,112,pretraining_only
Cirsium muticum,,plantnet300k-v2,8,pretraining_only
Cirsium oleraceum,,plantnet300k-v2,853,pretraining_only
Cirsium palustre,,plantnet300k-v2,1045,pretraining_only
Cirsium rivulare,,plantnet300k-v2,127,pretraining_only
Cirsium spinosissimum,,plantnet300k-v2,273,pretraining_only
Cirsium texanum,,plantnet300k-v2,38,pretraining_only
Cirsium tuberosum,,plantnet300k-v2,58,pretraining_only
Cirsium undulatum,,plantnet300k-v2,10,pretraining_only
Cirsium vulgare,,plantnet300k-v2,6472,pretraining_only
Cleretum bellidiforme,,plantnet300k-v2,44,pretraining_only
Clethra alnifolia,,plantnet300k-v2,151,pretraining_only
Cobaea scandens,,plantnet300k-v2,78,pretraining_only
Collomia grandiflora,,plantnet300k-v2,44,pretraining_only
Comptonia peregrina,,plantnet300k-v2,22,pretraining_only
Conoclinium coelestinum,,plantnet300k-v2,181,pretraining_only
Conostomium longitubum,,plantnet300k-v2,11,pretraining_only
Conostomium quadrangulare,,plantnet300k-v2,16,pretraining_only
Cordyla africana,,plantnet300k-v2,6,pretraining_only
Corispermum pallasii,,plantnet300k-v2,8,pretraining_only
Coryphantha elephantidens,,plantnet300k-v2,4,pretraining_only
Couroupita guianensis,,plantnet300k-v2,251,pretraining_only
Coussapoa villosa,,plantnet300k-v2,4,pretraining_only
Crassothonna capensis,,plantnet300k-v2,99,pretraining_only
Crotalaria brevidens,,plantnet300k-v2,8,pretraining_only
Crotalaria chrysochlora,,plantnet300k-v2,7,pretraining_only
Crotalaria deflersii,,plantnet300k-v2,6,pretraining_only
Crotalaria incana,,plantnet300k-v2,15,pretraining_only
Crotalaria juncea,,plantnet300k-v2,25,pretraining_only
Crotalaria laburnifolia,,plantnet300k-v2,25,pretraining_only
Crotalaria pallida,,plantnet300k-v2,45,pretraining_only
Crotalaria polysperma,,plantnet300k-v2,30,pretraining_only
Crotalaria pumila,,plantnet300k-v2,6,pretraining_only
Crotalaria retusa,,plantnet300k-v2,81,pretraining_only
Crotalaria spectabilis,,plantnet300k-v2,7,pretraining_only
Crotalaria uguenensis,,plantnet300k-v2,6,pretraining_only
Crotalaria verrucosa,,plantnet300k-v2,7,pretraining_only
Cryptopus elatus,,plantnet300k-v2,4,pretraining_only
Cryptostegia grandiflora,,plantnet300k-v2,4,pretraining_only
Cryptostegia madagascariensis,,plantnet300k-v2,43,pretraining_only
Cucumis melo,,plantnet300k-v2,22,pretraining_only
Cucurbita ficifolia,,plantnet300k-v2,7,pretraining_only
Cucurbita foetidissima,,plantnet300k-v2,20,pretraining_only
Cucurbita maxima,,plantnet300k-v2,1113,pretraining_only
Cucurbita moschata,,plantnet300k-v2,407,pretraining_only
Cucurbita pepo,,plantnet300k-v2,1800,pretraining_only
Cyanotis somaliensis,,plantnet300k-v2,72,pretraining_only
Cymbalaria aequitriloba,,plantnet300k-v2,15,pretraining_only
Cymbalaria hepaticifolia,,plantnet300k-v2,4,pretraining_only
Cymbalaria muralis,,plantnet300k-v2,3386,pretraining_only
Cyphostemma cyphopetalum,,plantnet300k-v2,10,pretraining_only
Cyphostemma juttae,,plantnet300k-v2,11,pretraining_only
Cyphostemma serpens,,plantnet300k-v2,25,pretraining_only
Cyrtanthus elatus,,plantnet300k-v2,15,pretraining_only
Cytinus hypocistis,,plantnet300k-v2,171,pretraining_only
Cytinus ruber,,plantnet300k-v2,104,pretraining_only
Dalbergia latifolia,,plantnet300k-v2,7,pretraining_only
Dalbergia melanoxylon,,plantnet300k-v2,10,pretraining_only
Dalbergia retusa,,plantnet300k-v2,8,pretraining_only
Dalbergia sissoo,,plantnet300k-v2,5,pretraining_only
Dalea purpurea,,plantnet300k-v2,39,pretraining_only
Danthonia decumbens,,plantnet300k-v2,6,pretraining_only
Daphne alpina,,plantnet300k-v2,79,pretraining_only
Daphne cneorum,,plantnet300k-v2,226,pretraining_only
Daphne gnidium,,plantnet300k-v2,914,pretraining_only
Daphne laureola,,plantnet300k-v2,827,pretraining_only
Daphne mezereum,,plantnet300k-v2,916,pretraining_only
Daphne odora,,plantnet300k-v2,61,pretraining_only
Daphne oleoides,,plantnet300k-v2,5,pretraining_only
Daphne sericea,,plantnet300k-v2,14,pretraining_only
Daphne striata,,plantnet300k-v2,39,pretraining_only
Daphne tangutica,,plantnet300k-v2,13,pretraining_only
Daucus muricatus,,plantnet300k-v2,6,pretraining_only
Daucus pusillus,,plantnet300k-v2,21,pretraining_only
Declieuxia fruticosa,,plantnet300k-v2,4,pretraining_only
Dendrobium anosmum,,plantnet300k-v2,15,pretraining_only
Dendrobium aphyllum,,plantnet300k-v2,8,pretraining_only
Dendrobium chrysotoxum,,plantnet300k-v2,10,pretraining_only
Dendrobium closterium,,plantnet300k-v2,16,pretraining_only
Dendrobium crumenatum,,plantnet300k-v2,17,pretraining_only
Dendrobium kingianum,,plantnet300k-v2,4,pretraining_only
Dendrobium moschatum,,plantnet300k-v2,8,pretraining_only
Dendrobium munificum,,plantnet300k-v2,7,pretraining_only
Dendrobium nobile,,plantnet300k-v2,616,pretraining_only
Dendrobium spp.,,plantnet300k-v2,20,pretraining_only
Dendrobium thyrsiflorum,,plantnet300k-v2,12,pretraining_only
Dendrobium victoriae-reginae,,plantnet300k-v2,79,pretraining_only
Diascia rigescens,,plantnet300k-v2,137,pretraining_only
Diascia vigilis,,plantnet300k-v2,4,pretraining_only
Didymopanax decaphyllus,,plantnet300k-v2,11,pretraining_only
Didymopanax morototoni,,plantnet300k-v2,5,pretraining_only
Dierama pulcherrimum,,plantnet300k-v2,48,pretraining_only
Diervilla lonicera,,plantnet300k-v2,79,pretraining_only
Diervilla sessilifolia,,plantnet300k-v2,9,pretraining_only
Dischidia nummularia,,plantnet300k-v2,16,pretraining_only
Dischidia ovata,,plantnet300k-v2,7,pretraining_only
Dracontium polyphyllum,,plantnet300k-v2,4,pretraining_only
Dracophyllum verticillatum,,plantnet300k-v2,6,pretraining_only
Dryas octopetala,,plantnet300k-v2,413,pretraining_only
Dryopteris aemula,,plantnet300k-v2,13,pretraining_only
Dryopteris affinis,,plantnet300k-v2,48,pretraining_only
Dryopteris carthusiana,,plantnet300k-v2,54,pretraining_only
Dryopteris cristata,,plantnet300k-v2,36,pretraining_only
Dryopteris cycadina,,plantnet300k-v2,5,pretraining_only
Dryopteris dilatata,,plantnet300k-v2,33,pretraining_only
Dryopteris erythrosora,,plantnet300k-v2,58,pretraining_only
Dryopteris expansa,,plantnet300k-v2,18,pretraining_only
Dryopteris filix-mas,,plantnet300k-v2,1291,pretraining_only
Dryopteris fragrans,,plantnet300k-v2,17,pretraining_only
Dryopteris intermedia,,plantnet300k-v2,66,pretraining_only
Dryopteris marginalis,,plantnet300k-v2,33,pretraining_only
Dryopteris sieboldii,,plantnet300k-v2,4,pretraining_only
Dryopteris villarii,,plantnet300k-v2,18,pretraining_only
Dryopteris wallichiana,,plantnet300k-v2,6,pretraining_only
Dubouzetia campanulata,,plantnet300k-v2,4,pretraining_only
Dubouzetia confusa,,plantnet300k-v2,4,pretraining_only
Elephantopus elatus,,plantnet300k-v2,30,pretraining_only
Elodea canadensis,,plantnet300k-v2,29,pretraining_only
Elodea densa,,plantnet300k-v2,21,pretraining_only
Empetrum nigrum,,plantnet300k-v2,213,pretraining_only
Empetrum rubrum,,plantnet300k-v2,6,pretraining_only
Entada gigas,,plantnet300k-v2,5,pretraining_only
Entada phaseoloides,,plantnet300k-v2,5,pretraining_only
Epilobium latifolium,,plantnet300k-v2,7,pretraining_only
Epipactis atrorubens,,plantnet300k-v2,444,pretraining_only
Epipactis gigantea,,plantnet300k-v2,4,pretraining_only
Epipactis helleborine,,plantnet300k-v2,1168,pretraining_only
Epipactis leptochila,,plantnet300k-v2,24,pretraining_only
Epipactis microphylla,,plantnet300k-v2,19,pretraining_only
Epipactis muelleri,,plantnet300k-v2,27,pretraining_only
Epipactis palustris,,plantnet300k-v2,307,pretraining_only
Epipactis phyllanthes,,plantnet300k-v2,6,pretraining_only
Epipactis purpurata,,plantnet300k-v2,27,pretraining_only
Eranthemum pulchellum,,plantnet300k-v2,13,pretraining_only
Erechtites hieraciifolius,,plantnet300k-v2,225,pretraining_only
Erianthemum dregei,,plantnet300k-v2,5,pretraining_only
Eriocapitella hupehensis,,plantnet300k-v2,2749,pretraining_only
Eriocapitella tomentosa,,plantnet300k-v2,36,pretraining_only
Eriocapitella vitifolia,,plantnet300k-v2,8,pretraining_only
Eriocapitella × hybrida,,plantnet300k-v2,29,pretraining_only
Eritrichium nanum,,plantnet300k-v2,33,pretraining_only
Erucastrum gallicum,,plantnet300k-v2,46,pretraining_only
Erucastrum nasturtiifolium,,plantnet300k-v2,98,pretraining_only
Erycina pusilla,,plantnet300k-v2,9,pretraining_only
Eucryphia cordifolia,,plantnet300k-v2,20,pretraining_only
Eumachia haematocarpa,,plantnet300k-v2,4,pretraining_only
Euphrosyne xanthiifolia,,plantnet300k-v2,14,pretraining_only
Falcaria vulgaris,,plantnet300k-v2,157,pretraining_only
Falcataria falcata,,plantnet300k-v2,8,pretraining_only
Faujasia salicifolia,,plantnet300k-v2,13,pretraining_only
Fernelia buxifolia,,plantnet300k-v2,7,pretraining_only
Fibigia clypeata,,plantnet300k-v2,27,pretraining_only
Fittonia albivenis,,plantnet300k-v2,1358,pretraining_only
Fragaria chiloensis,,plantnet300k-v2,81,pretraining_only
Fragaria moschata,,plantnet300k-v2,86,pretraining_only
Fragaria vesca,,plantnet300k-v2,4826,pretraining_only
Fragaria viridis,,plantnet300k-v2,319,pretraining_only
Fragaria × ananassa,,plantnet300k-v2,343,pretraining_only
Freesia leichtlinii,,plantnet300k-v2,135,pretraining_only
Freesia refracta,,plantnet300k-v2,266,pretraining_only
Freesia × kewensis,,plantnet300k-v2,61,pretraining_only
Freycinetia cumingiana,,plantnet300k-v2,4,pretraining_only
Galega officinalis,,plantnet300k-v2,536,pretraining_only
Galega orientalis,,plantnet300k-v2,13,pretraining_only
Garrya elliptica,,plantnet300k-v2,50,pretraining_only
Geniostoma borbonicum,,plantnet300k-v2,11,pretraining_only
Geropogon hybridus,,plantnet300k-v2,49,pretraining_only
Gomphocarpus fruticosus,,plantnet300k-v2,82,pretraining_only
Gomphocarpus integer,,plantnet300k-v2,21,pretraining_only
Gomphocarpus physocarpus,,plantnet300k-v2,275,pretraining_only
Goniolimon tataricum,,plantnet300k-v2,7,pretraining_only
Groenlandia densa,,plantnet300k-v2,14,pretraining_only
Guaiacum officinale,,plantnet300k-v2,21,pretraining_only
Guaiacum sanctum,,plantnet300k-v2,12,pretraining_only
Guarea gomma,,plantnet300k-v2,9,pretraining_only
Guatteria aeruginosa,,plantnet300k-v2,8,pretraining_only
Guatteria amplifolia,,plantnet300k-v2,4,pretraining_only
Guatteria anteridifera,,plantnet300k-v2,7,pretraining_only
Guatteria citriodora,,plantnet300k-v2,6,pretraining_only
Guatteria dolichopoda,,plantnet300k-v2,5,pretraining_only
Guatteria punctata,,plantnet300k-v2,5,pretraining_only
Guizotia abyssinica,,plantnet300k-v2,125,pretraining_only
Gymnosporia putterlickioides,,plantnet300k-v2,60,pretraining_only
Gynura aurantiaca,,plantnet300k-v2,177,pretraining_only
Gynura procumbens,,plantnet300k-v2,16,pretraining_only
Gypsophila vaccaria,,plantnet300k-v2,366,pretraining_only
Hackelia velutina,,plantnet300k-v2,21,pretraining_only
Haplophyton crooksii,,plantnet300k-v2,9,pretraining_only
Harpachne schimperi,,plantnet300k-v2,27,pretraining_only
Helicodiceros muscivorus,,plantnet300k-v2,9,pretraining_only
Helminthotheca echioides,,plantnet300k-v2,1614,pretraining_only
Hepatica nobilis,,plantnet300k-v2,2439,pretraining_only
Heptapleurum actinophyllum,,plantnet300k-v2,953,pretraining_only
Heptapleurum arboricola,,plantnet300k-v2,1974,pretraining_only
Heptapleurum heptaphyllum,,plantnet300k-v2,8,pretraining_only
Herbertia lahue,,plantnet300k-v2,27,pretraining_only
Hernandia cordigera,,plantnet300k-v2,4,pretraining_only
Hernandia mascarenensis,,plantnet300k-v2,6,pretraining_only
Hernandia nymphaeifolia,,plantnet300k-v2,4,pretraining_only
Heteromorpha arborescens,,plantnet300k-v2,4,pretraining_only
Hippophae rhamnoides,,plantnet300k-v2,526,pretraining_only
Hirschfeldia incana,,plantnet300k-v2,272,pretraining_only
Holodiscus discolor,,plantnet300k-v2,150,pretraining_only
Honckenya peploides,,plantnet300k-v2,243,pretraining_only
Humulus lupulus,,plantnet300k-v2,2511,pretraining_only
Hunnemannia fumariifolia,,plantnet300k-v2,7,pretraining_only
Hylotelephium cyaneum,,plantnet300k-v2,6,pretraining_only
Hyoscyamus albus,,plantnet300k-v2,292,pretraining_only
Hyoscyamus niger,,plantnet300k-v2,301,pretraining_only
Hyoseris radiata,,plantnet300k-v2,161,pretraining_only
Hypericum androsaemum,,plantnet300k-v2,1699,pretraining_only
Hypericum annulatum,,plantnet300k-v2,42,pretraining_only
Hypericum australe,,plantnet300k-v2,12,pretraining_only
Hypericum balearicum,,plantnet300k-v2,18,pretraining_only
Hypericum calycinum,,plantnet300k-v2,2429,pretraining_only
Hypericum canariense,,plantnet300k-v2,20,pretraining_only
Hypericum coris,,plantnet300k-v2,8,pretraining_only
Hypericum elodes,,plantnet300k-v2,35,pretraining_only
Hypericum empetrifolium,,plantnet300k-v2,6,pretraining_only
Hypericum frondosum,,plantnet300k-v2,13,pretraining_only
Hypericum hircinum,,plantnet300k-v2,141,pretraining_only
Hypericum hirsutum,,plantnet300k-v2,309,pretraining_only
Hypericum humifusum,,plantnet300k-v2,134,pretraining_only
Hypericum hypericoides,,plantnet300k-v2,34,pretraining_only
Hypericum hyssopifolium,,plantnet300k-v2,5,pretraining_only
Hypericum kalmianum,,plantnet300k-v2,13,pretraining_only
Hypericum lanceolatum,,plantnet300k-v2,62,pretraining_only
Hypericum linariifolium,,plantnet300k-v2,15,pretraining_only
Hypericum maculatum,,plantnet300k-v2,363,pretraining_only
Hypericum montanum,,plantnet300k-v2,55,pretraining_only
Hypericum mutilum,,plantnet300k-v2,10,pretraining_only
Hypericum nummularium,,plantnet300k-v2,41,pretraining_only
Hypericum olympicum,,plantnet300k-v2,47,pretraining_only
Hypericum patulum,,plantnet300k-v2,252,pretraining_only
Hypericum perfoliatum,,plantnet300k-v2,62,pretraining_only
Hypericum perforatum,,plantnet300k-v2,7674,pretraining_only
Hypericum prolificum,,plantnet300k-v2,27,pretraining_only
Hypericum pulchrum,,plantnet300k-v2,93,pretraining_only
Hypericum punctatum,,plantnet300k-v2,22,pretraining_only
Hypericum revolutum,,plantnet300k-v2,5,pretraining_only
Hypericum richeri,,plantnet300k-v2,77,pretraining_only
Hypericum tetrapetalum,,plantnet300k-v2,6,pretraining_only
Hypericum tetrapterum,,plantnet300k-v2,167,pretraining_only
Hypericum tomentosum,,plantnet300k-v2,17,pretraining_only
Hypericum triquetrifolium,,plantnet300k-v2,12,pretraining_only
Hypericum × hidcoteense,,plantnet300k-v2,1045,pretraining_only
Hypericum × inodorum,,plantnet300k-v2,8,pretraining_only
Ibicella lutea,,plantnet300k-v2,6,pretraining_only
Illicium floridanum,,plantnet300k-v2,12,pretraining_only
Illicium verum,,plantnet300k-v2,12,pretraining_only
Iva annua,,plantnet300k-v2,11,pretraining_only
Iva frutescens,,plantnet300k-v2,8,pretraining_only
Keckiella cordifolia,,plantnet300k-v2,4,pretraining_only
Kigelia africana,,plantnet300k-v2,123,pretraining_only
Kniphofia linearifolia,,plantnet300k-v2,30,pretraining_only
Kniphofia uvaria,,plantnet300k-v2,1884,pretraining_only
Lactuca biennis,,plantnet300k-v2,21,pretraining_only
Lactuca canadensis,,plantnet300k-v2,51,pretraining_only
Lactuca floridana,,plantnet300k-v2,52,pretraining_only
Lactuca muralis,,plantnet300k-v2,715,pretraining_only
Lactuca perennis,,plantnet300k-v2,641,pretraining_only
Lactuca saligna,,plantnet300k-v2,35,pretraining_only
Lactuca sativa,,plantnet300k-v2,928,pretraining_only
Lactuca serriola,,plantnet300k-v2,3788,pretraining_only
Lactuca tenerrima,,plantnet300k-v2,24,pretraining_only
Lactuca viminea,,plantnet300k-v2,128,pretraining_only
Lactuca virosa,,plantnet300k-v2,523,pretraining_only
Lagenaria siceraria,,plantnet300k-v2,142,pretraining_only
Lagenaria sphaerica,,plantnet300k-v2,12,pretraining_only
Lamium album,,plantnet300k-v2,2088,pretraining_only
Lamium amplexicaule,,plantnet300k-v2,1031,pretraining_only
Lamium bifidum,,plantnet300k-v2,19,pretraining_only
Lamium flexuosum,,plantnet300k-v2,83,pretraining_only
Lamium galeobdolon,,plantnet300k-v2,3424,pretraining_only
Lamium garganicum,,plantnet300k-v2,14,pretraining_only
Lamium hybridum,,plantnet300k-v2,827,pretraining_only
Lamium maculatum,,plantnet300k-v2,2265,pretraining_only
Lamium orvala,,plantnet300k-v2,105,pretraining_only
Lamium purpureum,,plantnet300k-v2,5628,pretraining_only
Lapageria rosea,,plantnet300k-v2,14,pretraining_only
Lapsana communis,,plantnet300k-v2,3484,pretraining_only
Lathraea clandestina,,plantnet300k-v2,564,pretraining_only
Lathraea squamaria,,plantnet300k-v2,341,pretraining_only
Lavandula angustifolia,,plantnet300k-v2,3423,pretraining_only
Lavandula canariensis,,plantnet300k-v2,27,pretraining_only
Lavandula dentata,,plantnet300k-v2,882,pretraining_only
Lavandula latifolia,,plantnet300k-v2,475,pretraining_only
Lavandula minutolii,,plantnet300k-v2,4,pretraining_only
Lavandula multifida,,plantnet300k-v2,71,pretraining_only
Lavandula pinnata,,plantnet300k-v2,13,pretraining_only
Lavandula spp.,,plantnet300k-v2,10,pretraining_only
Lavandula stoechas,,plantnet300k-v2,1916,pretraining_only
Lavandula × intermedia,,plantnet300k-v2,4,pretraining_only
Leersia oryzoides,,plantnet300k-v2,22,pretraining_only
Leersia virginica,,plantnet300k-v2,4,pretraining_only
Leonotis nepetifolia,,plantnet300k-v2,20,pretraining_only
Leptinella potentillina,,plantnet300k-v2,10,pretraining_only
Leucophyta brownii,,plantnet300k-v2,52,pretraining_only
Leuenbergeria bleo,,plantnet300k-v2,60,pretraining_only
Limbarda crithmoides,,plantnet300k-v2,366,pretraining_only
Limnanthes douglasii,,plantnet300k-v2,63,pretraining_only
Limonia acidissima,,plantnet300k-v2,5,pretraining_only
Liriodendron chinense,,plantnet300k-v2,5,pretraining_only
Liriope muscari,,plantnet300k-v2,315,pretraining_only
Lithodora fruticosa,,plantnet300k-v2,592,pretraining_only
Lithops aucampiae,,plantnet300k-v2,16,pretraining_only
Lithops fulviceps,,plantnet300k-v2,9,pretraining_only
Lithops karasmontana,,plantnet300k-v2,11,pretraining_only
Lithops marmorata,,plantnet300k-v2,14,pretraining_only
Lithops olivacea,,plantnet300k-v2,21,pretraining_only
Lithops pseudotruncatella,,plantnet300k-v2,160,pretraining_only
Lithops spp.,,plantnet300k-v2,75,pretraining_only
Lomatia ferruginea,,plantnet300k-v2,32,pretraining_only
Lophiolepis eriophora,,plantnet300k-v2,982,pretraining_only
Lophiolepis ferox,,plantnet300k-v2,19,pretraining_only
Lophiolepis morisiana,,plantnet300k-v2,7,pretraining_only
Loropetalum chinense,,plantnet300k-v2,201,pretraining_only
Luffa acutangula,,plantnet300k-v2,38,pretraining_only
Lupinus albifrons,,plantnet300k-v2,71,pretraining_only
Lupinus albus,,plantnet300k-v2,83,pretraining_only
Lupinus angustifolius,,plantnet300k-v2,661,pretraining_only
Lupinus arboreus,,plantnet300k-v2,131,pretraining_only
Lupinus argenteus,,plantnet300k-v2,12,pretraining_only
Lupinus bicolor,,plantnet300k-v2,19,pretraining_only
Lupinus chamissonis,,plantnet300k-v2,6,pretraining_only
Lupinus cosentinii,,plantnet300k-v2,4,pretraining_only
Lupinus diffusus,,plantnet300k-v2,4,pretraining_only
Lupinus formosus,,plantnet300k-v2,6,pretraining_only
Lupinus gussoneanus,,plantnet300k-v2,34,pretraining_only
Lupinus hirsutissimus,,plantnet300k-v2,4,pretraining_only
Lupinus luteus,,plantnet300k-v2,88,pretraining_only
Lupinus nootkatensis,,plantnet300k-v2,17,pretraining_only
Lupinus perennis,,plantnet300k-v2,13,pretraining_only
Lupinus pilosus,,plantnet300k-v2,4,pretraining_only
Lupinus polyphyllus,,plantnet300k-v2,2804,pretraining_only
Lupinus subcarnosus,,plantnet300k-v2,4,pretraining_only
Lupinus texensis,,plantnet300k-v2,24,pretraining_only
Lupinus × regalis,,plantnet300k-v2,27,pretraining_only
Lycoris radiata,,plantnet300k-v2,90,pretraining_only
Lycoris squamigera,,plantnet300k-v2,99,pretraining_only
Lyonothamnus floribundus,,plantnet300k-v2,4,pretraining_only
Maerua angolensis,,plantnet300k-v2,7,pretraining_only
Maerua triphylla,,plantnet300k-v2,6,pretraining_only
Maianthemum bifolium,,plantnet300k-v2,435,pretraining_only
Maianthemum canadense,,plantnet300k-v2,231,pretraining_only
Maianthemum racemosum,,plantnet300k-v2,248,pretraining_only
Maianthemum stellatum,,plantnet300k-v2,70,pretraining_only
Maianthemum trifolium,,plantnet300k-v2,4,pretraining_only
Maurandya barclayana,,plantnet300k-v2,4,pretraining_only
Mauritia flexuosa,,plantnet300k-v2,11,pretraining_only
Maytenus boaria,,plantnet300k-v2,16,pretraining_only
Maytenus ilicifolia,,plantnet300k-v2,8,pretraining_only
Mazus pumilus,,plantnet300k-v2,13,pretraining_only
Mecardonia procumbens,,plantnet300k-v2,14,pretraining_only
Melampodium divaricatum,,plantnet300k-v2,55,pretraining_only
Melampodium leucanthum,,plantnet300k-v2,10,pretraining_only
Melampodium perfoliatum,,plantnet300k-v2,4,pretraining_only
Melilotus albus,,plantnet300k-v2,1723,pretraining_only
Melilotus altissimus,,plantnet300k-v2,96,pretraining_only
Melilotus indicus,,plantnet300k-v2,708,pretraining_only
Melilotus italicus,,plantnet300k-v2,5,pretraining_only
Melilotus neapolitanus,,plantnet300k-v2,10,pretraining_only
Melilotus officinalis,,plantnet300k-v2,986,pretraining_only
Melilotus sulcatus,,plantnet300k-v2,14,pretraining_only
Mercurialis annua,,plantnet300k-v2,1535,pretraining_only
Mercurialis perennis,,plantnet300k-v2,910,pretraining_only
Mercurialis tomentosa,,plantnet300k-v2,60,pretraining_only
Mertensia ciliata,,plantnet300k-v2,13,pretraining_only
Mertensia maritima,,plantnet300k-v2,72,pretraining_only
Mertensia paniculata,,plantnet300k-v2,8,pretraining_only
Mertensia virginica,,plantnet300k-v2,147,pretraining_only
Metasequoia glyptostroboides,,plantnet300k-v2,543,pretraining_only
Meum athamanticum,,plantnet300k-v2,213,pretraining_only
Microchloa kunthii,,plantnet300k-v2,5,pretraining_only
Mitella diphylla,,plantnet300k-v2,8,pretraining_only
Moehringia ciliata,,plantnet300k-v2,205,pretraining_only
Moehringia lateriflora,,plantnet300k-v2,5,pretraining_only
Moehringia muscosa,,plantnet300k-v2,94,pretraining_only
Moehringia pentandra,,plantnet300k-v2,7,pretraining_only
Moehringia trinervia,,plantnet300k-v2,106,pretraining_only
Montanoa hibiscifolia,,plantnet300k-v2,23,pretraining_only
Morinda citrifolia,,plantnet300k-v2,274,pretraining_only
Mussaenda arcuata,,plantnet300k-v2,5,pretraining_only
Mussaenda erythrophylla,,plantnet300k-v2,144,pretraining_only
Mussaenda frondosa,,plantnet300k-v2,14,pretraining_only
Mussaenda philippica,,plantnet300k-v2,178,pretraining_only
Mussaenda pubescens,,plantnet300k-v2,4,pretraining_only
Nandina domestica,,plantnet300k-v2,1155,pretraining_only
Narthecium ossifragum,,plantnet300k-v2,147,pretraining_only
Neltuma alba,,plantnet300k-v2,5,pretraining_only
Neltuma glandulosa,,plantnet300k-v2,44,pretraining_only
Neltuma juliflora,,plantnet300k-v2,18,pretraining_only
Neltuma pallida,,plantnet300k-v2,6,pretraining_only
Neolamarckia cadamba,,plantnet300k-v2,25,pretraining_only
Neotinea conica,,plantnet300k-v2,9,pretraining_only
Neotinea lactea,,plantnet300k-v2,36,pretraining_only
Neotinea maculata,,plantnet300k-v2,19,pretraining_only
Neotinea tridentata,,plantnet300k-v2,182,pretraining_only
Neotinea ustulata,,plantnet300k-v2,432,pretraining_only
Nepenthes alata,,plantnet300k-v2,9,pretraining_only
Nepenthes mirabilis,,plantnet300k-v2,11,pretraining_only
Nepenthes spp.,,plantnet300k-v2,11,pretraining_only
Nepenthes truncata,,plantnet300k-v2,5,pretraining_only
Nepenthes vieillardii,,plantnet300k-v2,43,pretraining_only
Nepenthes × neglecta,,plantnet300k-v2,9,pretraining_only
Nephrolepis abrupta,,plantnet300k-v2,36,pretraining_only
Nephrolepis biserrata,,plantnet300k-v2,161,pretraining_only
Nephrolepis cordifolia,,plantnet300k-v2,489,pretraining_only
Nephrolepis exaltata,,plantnet300k-v2,688,pretraining_only
Nephrolepis falcata,,plantnet300k-v2,29,pretraining_only
Noccaea caerulescens,,plantnet300k-v2,42,pretraining_only
Noccaea montana,,plantnet300k-v2,10,pretraining_only
Noccaea rotundifolia,,plantnet300k-v2,83,pretraining_only
Nothofagus alpina,,plantnet300k-v2,8,pretraining_only
Nothofagus antarctica,,plantnet300k-v2,61,pretraining_only
Nothofagus betuloides,,plantnet300k-v2,8,pretraining_only
Nothofagus dombeyi,,plantnet300k-v2,39,pretraining_only
Nothofagus nitida,,plantnet300k-v2,13,pretraining_only
Nothofagus obliqua,,plantnet300k-v2,13,pretraining_only
Nothofagus pumilio,,plantnet300k-v2,34,pretraining_only
Nyctaginia capitata,,plantnet300k-v2,5,pretraining_only
Nymphaea alba,,plantnet300k-v2,1131,pretraining_only
Nymphaea ampla,,plantnet300k-v2,19,pretraining_only
Nymphaea candida,,plantnet300k-v2,94,pretraining_only
Nymphaea lotus,,plantnet300k-v2,34,pretraining_only
Nymphaea mexicana,,plantnet300k-v2,18,pretraining_only
Nymphaea nouchali,,plantnet300k-v2,61,pretraining_only
Nymphaea odorata,,plantnet300k-v2,79,pretraining_only
Nymphaea rubra,,plantnet300k-v2,4,pretraining_only
Nymphaea tetragona,,plantnet300k-v2,11,pretraining_only
Nymphoides indica,,plantnet300k-v2,19,pretraining_only
Nymphoides peltata,,plantnet300k-v2,92,pretraining_only
Odontites longiflorus,,plantnet300k-v2,7,pretraining_only
Oenothera hartwegii,,plantnet300k-v2,5,pretraining_only
Oldenlandia corymbosa,,plantnet300k-v2,43,pretraining_only
Ophrys apifera,,plantnet300k-v2,1881,pretraining_only
Ophrys bertolonii,,plantnet300k-v2,132,pretraining_only
Ophrys bombyliflora,,plantnet300k-v2,14,pretraining_only
Ophrys fusca,,plantnet300k-v2,202,pretraining_only
Ophrys holosericea,,plantnet300k-v2,401,pretraining_only
Ophrys insectifera,,plantnet300k-v2,258,pretraining_only
Ophrys lunulata,,plantnet300k-v2,5,pretraining_only
Ophrys lutea,,plantnet300k-v2,273,pretraining_only
Ophrys scolopax,,plantnet300k-v2,451,pretraining_only
Ophrys speculum,,plantnet300k-v2,129,pretraining_only
Ophrys sphegodes,,plantnet300k-v2,638,pretraining_only
Ophrys tenthredinifera,,plantnet300k-v2,132,pretraining_only
Ophrys × arachnitiformis,,plantnet300k-v2,66,pretraining_only
Ophrys × flavicans,,plantnet300k-v2,17,pretraining_only
Ophrys × minuticauda,,plantnet300k-v2,5,pretraining_only
Oreomecon alpina,,plantnet300k-v2,400,pretraining_only
Oreomecon crocea,,plantnet300k-v2,38,pretraining_only
Oreomecon nudicaulis,,plantnet300k-v2,71,pretraining_only
Osmunda claytoniana,,plantnet300k-v2,73,pretraining_only
Osmunda regalis,,plantnet300k-v2,390,pretraining_only
Osmundastrum cinnamomeum,,plantnet300k-v2,20,pretraining_only
Oxydendrum arboreum,,plantnet300k-v2,25,pretraining_only
Paederia foetida,,plantnet300k-v2,24,pretraining_only
Paederota bonarota,,plantnet300k-v2,7,pretraining_only
Pancratium canariense,,plantnet300k-v2,4,pretraining_only
Pancratium illyricum,,plantnet300k-v2,56,pretraining_only
Pancratium maritimum,,plantnet300k-v2,1294,pretraining_only
Papaver atlanticum,,plantnet300k-v2,27,pretraining_only
Papaver dubium,,plantnet300k-v2,514,pretraining_only
Papaver orientale,,plantnet300k-v2,1093,pretraining_only
Papaver rhoeas,,plantnet300k-v2,5008,pretraining_only
Papaver rupifragum,,plantnet300k-v2,7,pretraining_only
Papaver setiferum,,plantnet300k-v2,120,pretraining_only
Papaver somniferum,,plantnet300k-v2,3060,pretraining_only
Patzkea paniculata,,plantnet300k-v2,12,pretraining_only
Pelargonium alchemilloides,,plantnet300k-v2,35,pretraining_only
Pelargonium capitatum,,plantnet300k-v2,4,pretraining_only
Pelargonium crispum,,plantnet300k-v2,12,pretraining_only
Pelargonium echinatum,,plantnet300k-v2,5,pretraining_only
Pelargonium glechomoides,,plantnet300k-v2,9,pretraining_only
Pelargonium grandiflorum,,plantnet300k-v2,41,pretraining_only
Pelargonium graveolens,,plantnet300k-v2,2172,pretraining_only
Pelargonium inquinans,,plantnet300k-v2,1278,pretraining_only
Pelargonium odoratissimum,,plantnet300k-v2,18,pretraining_only
Pelargonium panduriforme,,plantnet300k-v2,5,pretraining_only
Pelargonium peltatum,,plantnet300k-v2,282,pretraining_only
Pelargonium quercifolium,,plantnet300k-v2,9,pretraining_only
Pelargonium quinquelobatum,,plantnet300k-v2,30,pretraining_only
Pelargonium sidoides,,plantnet300k-v2,13,pretraining_only
Pelargonium spp.,,plantnet300k-v2,35,pretraining_only
Pelargonium tomentosum,,plantnet300k-v2,14,pretraining_only
Pelargonium zonale,,plantnet300k-v2,3318,pretraining_only
Pelargonium × hybridum,,plantnet300k-v2,454,pretraining_only
Peperomia albovittata,,plantnet300k-v2,121,pretraining_only
Peperomia argyraea,,plantnet300k-v2,224,pretraining_only
Peperomia caperata,,plantnet300k-v2,334,pretraining_only
Peperomia clusiifolia,,plantnet300k-v2,27,pretraining_only
Peperomia columella,,plantnet300k-v2,5,pretraining_only
Peperomia dolabriformis,,plantnet300k-v2,4,pretraining_only
Peperomia ferreyrae,,plantnet300k-v2,123,pretraining_only
Peperomia graveolens,,plantnet300k-v2,34,pretraining_only
Peperomia maculosa,,plantnet300k-v2,5,pretraining_only
Peperomia magnoliifolia,,plantnet300k-v2,288,pretraining_only
Peperomia obtusifolia,,plantnet300k-v2,716,pretraining_only
Peperomia pecuniifolia,,plantnet300k-v2,25,pretraining_only
Peperomia pellucida,,plantnet300k-v2,160,pretraining_only
Peperomia polybotrya,,plantnet300k-v2,108,pretraining_only
Peperomia prostrata,,plantnet300k-v2,51,pretraining_only
Peperomia quadrangularis,,plantnet300k-v2,54,pretraining_only
Peperomia rotundifolia,,plantnet300k-v2,112,pretraining_only
Peperomia serpens,,plantnet300k-v2,267,pretraining_only
Peperomia tetragona,,plantnet300k-v2,7,pretraining_only
Peperomia verticillata,,plantnet300k-v2,29,pretraining_only
Pereskia aculeata,,plantnet300k-v2,60,pretraining_only
Petiveria alliacea,,plantnet300k-v2,47,pretraining_only
Petrosedum amplexicaule,,plantnet300k-v2,32,pretraining_only
Petrosedum forsterianum,,plantnet300k-v2,232,pretraining_only
Petrosedum montanum,,plantnet300k-v2,28,pretraining_only
Petrosedum ochroleucum,,plantnet300k-v2,118,pretraining_only
Petrosedum rupestre,,plantnet300k-v2,1629,pretraining_only
Petrosedum sediforme,,plantnet300k-v2,1964,pretraining_only
Phalaris aquatica,,plantnet300k-v2,40,pretraining_only
Phalaris arundinacea,,plantnet300k-v2,679,pretraining_only
Phalaris canariensis,,plantnet300k-v2,107,pretraining_only
Phalaris coerulescens,,plantnet300k-v2,18,pretraining_only
Phalaris minor,,plantnet300k-v2,19,pretraining_only
Phalaris paradoxa,,plantnet300k-v2,9,pretraining_only
Phedimus aizoon,,plantnet300k-v2,177,pretraining_only
Phedimus kamtschaticus,,plantnet300k-v2,133,pretraining_only
Phedimus spurius,,plantnet300k-v2,275,pretraining_only
Phedimus stellatus,,plantnet300k-v2,5,pretraining_only
Phonus lanatus,,plantnet300k-v2,327,pretraining_only
Phyllanthus acidus,,plantnet300k-v2,50,pretraining_only
Phyllanthus amarus,,plantnet300k-v2,90,pretraining_only
Phyllanthus emblica,,plantnet300k-v2,27,pretraining_only
Phyllanthus epiphyllanthus,,plantnet300k-v2,6,pretraining_only
Phyllanthus fischeri,,plantnet300k-v2,4,pretraining_only
Phyllanthus mimosoides,,plantnet300k-v2,12,pretraining_only
Phyllanthus niruri,,plantnet300k-v2,33,pretraining_only
Phyllanthus niruroides,,plantnet300k-v2,7,pretraining_only
Phyllanthus phillyreifolius,,plantnet300k-v2,15,pretraining_only
Phyllanthus reticulatus,,plantnet300k-v2,6,pretraining_only
Phyllanthus suffrutescens,,plantnet300k-v2,6,pretraining_only
Phyllanthus tenellus,,plantnet300k-v2,115,pretraining_only
Phyllanthus urinaria,,plantnet300k-v2,83,pretraining_only
Pilocarpus racemosus,,plantnet300k-v2,5,pretraining_only
Pilosocereus chrysostele,,plantnet300k-v2,10,pretraining_only
Pilosocereus pachycladus,,plantnet300k-v2,163,pretraining_only
Pilosocereus polygonus,,plantnet300k-v2,4,pretraining_only
Piriqueta cistoides,,plantnet300k-v2,6,pretraining_only
Pleurospermum austriacum,,plantnet300k-v2,4,pretraining_only
Pogonophora schomburgkiana,,plantnet300k-v2,10,pretraining_only
Pongamia pinnata,,plantnet300k-v2,76,pretraining_only
Potentilla indica,,plantnet300k-v2,386,pretraining_only
Prosopis farcta,,plantnet300k-v2,11,pretraining_only
Pterocephalus pterocephala,,plantnet300k-v2,5,pretraining_only
Pulsatilla alpina,,plantnet300k-v2,1686,pretraining_only
Pulsatilla halleri,,plantnet300k-v2,22,pretraining_only
Pulsatilla montana,,plantnet300k-v2,18,pretraining_only
Pulsatilla patens,,plantnet300k-v2,21,pretraining_only
Pulsatilla pratensis,,plantnet300k-v2,35,pretraining_only
Pulsatilla rubra,,plantnet300k-v2,91,pretraining_only
Pulsatilla vernalis,,plantnet300k-v2,224,pretraining_only
Pulsatilla vulgaris,,plantnet300k-v2,808,pretraining_only
Punica granatum,,plantnet300k-v2,3513,pretraining_only
Pyracantha coccinea,,plantnet300k-v2,4079,pretraining_only
Pyracantha crenulata,,plantnet300k-v2,53,pretraining_only
Pyracantha koidzumii,,plantnet300k-v2,21,pretraining_only
Ranunculus minimus,,plantnet300k-v2,18,pretraining_only
Raphia farinifera,,plantnet300k-v2,10,pretraining_only
Rhodanthe chlorocephala,,plantnet300k-v2,9,pretraining_only
Rhodocactus grandifolius,,plantnet300k-v2,71,pretraining_only
Rhodothamnus chamaecistus,,plantnet300k-v2,34,pretraining_only
Roemeria argemone,,plantnet300k-v2,291,pretraining_only
Roemeria sicula,,plantnet300k-v2,135,pretraining_only
Rumohra adiantiformis,,plantnet300k-v2,42,pretraining_only
Sagittaria graminea,,plantnet300k-v2,19,pretraining_only
Sagittaria lancifolia,,plantnet300k-v2,14,pretraining_only
Sagittaria latifolia,,plantnet300k-v2,99,pretraining_only
Sagittaria montevidensis,,plantnet300k-v2,16,pretraining_only
Sagittaria sagittifolia,,plantnet300k-v2,81,pretraining_only
Sagotia racemosa,,plantnet300k-v2,32,pretraining_only
Salvia abrotanoides,,plantnet300k-v2,95,pretraining_only
Salvia yangii,,plantnet300k-v2,1996,pretraining_only
Sasa palmata,,plantnet300k-v2,21,pretraining_only
Schefflera spp.,,plantnet300k-v2,7,pretraining_only
Schinopsis balansae,,plantnet300k-v2,4,pretraining_only
Schkuhria pinnata,,plantnet300k-v2,20,pretraining_only
Scilla peruviana,,plantnet300k-v2,154,pretraining_only
Secale cereale,,plantnet300k-v2,292,pretraining_only
Sedum acre,,plantnet300k-v2,2125,pretraining_only
Sedum adolphi,,plantnet300k-v2,826,pretraining_only
Sedum albomarginatum,,plantnet300k-v2,12,pretraining_only
Sedum album,,plantnet300k-v2,3086,pretraining_only
Sedum allantoides,,plantnet300k-v2,13,pretraining_only
Sedum alpestre,,plantnet300k-v2,28,pretraining_only
Sedum andegavense,,plantnet300k-v2,26,pretraining_only
Sedum anglicum,,plantnet300k-v2,147,pretraining_only
Sedum annuum,,plantnet300k-v2,5,pretraining_only
Sedum atratum,,plantnet300k-v2,82,pretraining_only
Sedum brevifolium,,plantnet300k-v2,79,pretraining_only
Sedum burrito,,plantnet300k-v2,319,pretraining_only
Sedum caeruleum,,plantnet300k-v2,101,pretraining_only
Sedum cepaea,,plantnet300k-v2,99,pretraining_only
Sedum cespitosum,,plantnet300k-v2,6,pretraining_only
Sedum clavatum,,plantnet300k-v2,144,pretraining_only
Sedum dasyphyllum,,plantnet300k-v2,776,pretraining_only
Sedum dendroideum,,plantnet300k-v2,59,pretraining_only
Sedum divergens,,plantnet300k-v2,5,pretraining_only
Sedum furfuraceum,,plantnet300k-v2,13,pretraining_only
Sedum glaucophyllum,,plantnet300k-v2,18,pretraining_only
Sedum hernandezii,,plantnet300k-v2,34,pretraining_only
Sedum hirsutum,,plantnet300k-v2,116,pretraining_only
Sedum hispanicum,,plantnet300k-v2,201,pretraining_only
Sedum japonicum,,plantnet300k-v2,94,pretraining_only
Sedum kimnachii,,plantnet300k-v2,6,pretraining_only
Sedum lanceolatum,,plantnet300k-v2,13,pretraining_only
Sedum laxum,,plantnet300k-v2,11,pretraining_only
Sedum lineare,,plantnet300k-v2,114,pretraining_only
Sedum litoreum,,plantnet300k-v2,12,pretraining_only
Sedum makinoi,,plantnet300k-v2,121,pretraining_only
Sedum mexicanum,,plantnet300k-v2,79,pretraining_only
Sedum moranense,,plantnet300k-v2,4,pretraining_only
Sedum morganianum,,plantnet300k-v2,630,pretraining_only
Sedum multiceps,,plantnet300k-v2,12,pretraining_only
Sedum niveum,,plantnet300k-v2,4,pretraining_only
Sedum obtusatum,,plantnet300k-v2,7,pretraining_only
Sedum oreganum,,plantnet300k-v2,10,pretraining_only
Sedum pachyphyllum,,plantnet300k-v2,314,pretraining_only
Sedum palmeri,,plantnet300k-v2,1595,pretraining_only
Sedum praealtum,,plantnet300k-v2,39,pretraining_only
Sedum pulchellum,,plantnet300k-v2,6,pretraining_only
Sedum rubens,,plantnet300k-v2,81,pretraining_only
Sedum sarmentosum,,plantnet300k-v2,132,pretraining_only
Sedum sexangulare,,plantnet300k-v2,324,pretraining_only
Sedum spathulifolium,,plantnet300k-v2,335,pretraining_only
Sedum ternatum,,plantnet300k-v2,61,pretraining_only
Sedum villosum,,plantnet300k-v2,12,pretraining_only
Sedum × rubrotinctum,,plantnet300k-v2,440,pretraining_only
Selenicereus anthonyanus,,plantnet300k-v2,233,pretraining_only
Selenicereus grandiflorus,,plantnet300k-v2,16,pretraining_only
Senecio minimus,,plantnet300k-v2,10,pretraining_only
Senegalia berlandieri,,plantnet300k-v2,6,pretraining_only
Senegalia brevispica,,plantnet300k-v2,13,pretraining_only
Senegalia mellifera,,plantnet300k-v2,30,pretraining_only
Senegalia senegal,,plantnet300k-v2,4,pretraining_only
Seriphium passerinoides,,plantnet300k-v2,22,pretraining_only
Smilax anceps,,plantnet300k-v2,9,pretraining_only
Smilax aspera,,plantnet300k-v2,1476,pretraining_only
Smilax bona-nox,,plantnet300k-v2,136,pretraining_only
Smilax china,,plantnet300k-v2,4,pretraining_only
Smilax excelsa,,plantnet300k-v2,6,pretraining_only
Smilax glauca,,plantnet300k-v2,14,pretraining_only
Smilax herbacea,,plantnet300k-v2,24,pretraining_only
Smilax laurifolia,,plantnet300k-v2,4,pretraining_only
Smilax rotundifolia,,plantnet300k-v2,146,pretraining_only
Smilax tamnoides,,plantnet300k-v2,17,pretraining_only
Spergularia rubra,,plantnet300k-v2,5,pretraining_only
Stanleya pinnata,,plantnet300k-v2,11,pretraining_only
Stellaria aquatica,,plantnet300k-v2,212,pretraining_only
Stemodia verticillata,,plantnet300k-v2,8,pretraining_only
Stenanona costaricensis,,plantnet300k-v2,5,pretraining_only
Stenocactus multicostatus,,plantnet300k-v2,30,pretraining_only
Striga asiatica,,plantnet300k-v2,17,pretraining_only
Strombocarpa pubescens,,plantnet300k-v2,4,pretraining_only
Strongylodon macrobotrys,,plantnet300k-v2,59,pretraining_only
Tabernaemontana undulata,,plantnet300k-v2,5,pretraining_only
Tagetes erecta,,plantnet300k-v2,4175,pretraining_only
Tagetes lemmonii,,plantnet300k-v2,21,pretraining_only
Tagetes lucida,,plantnet300k-v2,11,pretraining_only
Tagetes lunulata,,plantnet300k-v2,4,pretraining_only
Tagetes minuta,,plantnet300k-v2,120,pretraining_only
Tagetes tenuifolia,,plantnet300k-v2,84,pretraining_only
Telekia speciosa,,plantnet300k-v2,295,pretraining_only
Tephrocactus alexanderi,,plantnet300k-v2,6,pretraining_only
Tetraclinis articulata,,plantnet300k-v2,47,pretraining_only
Thapsia garganica,,plantnet300k-v2,33,pretraining_only
Thapsia villosa,,plantnet300k-v2,607,pretraining_only
Thelypteris limbosperma,,plantnet300k-v2,48,pretraining_only
Thesium alpinum,,plantnet300k-v2,24,pretraining_only
Thesium humifusum,,plantnet300k-v2,39,pretraining_only
Thesium linophyllon,,plantnet300k-v2,10,pretraining_only
Thesium pyrenaicum,,plantnet300k-v2,12,pretraining_only
Trachelospermum asiaticum,,plantnet300k-v2,18,pretraining_only
Trachelospermum jasminoides,,plantnet300k-v2,2442,pretraining_only
Tradescantia cerinthoides,,plantnet300k-v2,126,pretraining_only
Tradescantia crassifolia,,plantnet300k-v2,4,pretraining_only
Tradescantia fluminensis,,plantnet300k-v2,1302,pretraining_only
Tradescantia occidentalis,,plantnet300k-v2,20,pretraining_only
Tradescantia ohiensis,,plantnet300k-v2,185,pretraining_only
Tradescantia pallida,,plantnet300k-v2,2523,pretraining_only
Tradescantia sillamontana,,plantnet300k-v2,326,pretraining_only
Tradescantia spathacea,,plantnet300k-v2,1155,pretraining_only
Tradescantia subaspera,,plantnet300k-v2,6,pretraining_only
Tradescantia virginiana,,plantnet300k-v2,1400,pretraining_only
Tradescantia zebrina,,plantnet300k-v2,2469,pretraining_only
Tradescantia × andersoniana,,plantnet300k-v2,40,pretraining_only
Triadica sebifera,,plantnet300k-v2,95,pretraining_only
Trifolium alexandrinum,,plantnet300k-v2,21,pretraining_only
Trifolium alpestre,,plantnet300k-v2,183,pretraining_only
Trifolium alpinum,,plantnet300k-v2,364,pretraining_only
Trifolium angustifolium,,plantnet300k-v2,411,pretraining_only
Trifolium arvense,,plantnet300k-v2,812,pretraining_only
Trifolium aureum,,plantnet300k-v2,205,pretraining_only
Trifolium badium,,plantnet300k-v2,169,pretraining_only
Trifolium campestre,,plantnet300k-v2,905,pretraining_only
Trifolium cherleri,,plantnet300k-v2,14,pretraining_only
Trifolium dubium,,plantnet300k-v2,778,pretraining_only
Trifolium fragiferum,,plantnet300k-v2,165,pretraining_only
Trifolium glomeratum,,plantnet300k-v2,11,pretraining_only
Trifolium hirtum,,plantnet300k-v2,45,pretraining_only
Trifolium hybridum,,plantnet300k-v2,233,pretraining_only
Trifolium incarnatum,,plantnet300k-v2,1651,pretraining_only
Trifolium lappaceum,,plantnet300k-v2,11,pretraining_only
Trifolium medium,,plantnet300k-v2,306,pretraining_only
Trifolium michelianum,,plantnet300k-v2,5,pretraining_only
Trifolium micranthum,,plantnet300k-v2,6,pretraining_only
Trifolium montanum,,plantnet300k-v2,235,pretraining_only
Trifolium nigrescens,,plantnet300k-v2,31,pretraining_only
Trifolium ochroleucon,,plantnet300k-v2,51,pretraining_only
Trifolium pallescens,,plantnet300k-v2,15,pretraining_only
Trifolium pannonicum,,plantnet300k-v2,6,pretraining_only
Trifolium patens,,plantnet300k-v2,12,pretraining_only
Trifolium pratense,,plantnet300k-v2,6330,pretraining_only
Trifolium purpureum,,plantnet300k-v2,85,pretraining_only
Trifolium repens,,plantnet300k-v2,4192,pretraining_only
Trifolium resupinatum,,plantnet300k-v2,210,pretraining_only
Trifolium rubens,,plantnet300k-v2,304,pretraining_only
Trifolium scabrum,,plantnet300k-v2,10,pretraining_only
Trifolium spadiceum,,plantnet300k-v2,12,pretraining_only
Trifolium spumosum,,plantnet300k-v2,9,pretraining_only
Trifolium squamosum,,plantnet300k-v2,5,pretraining_only
Trifolium stellatum,,plantnet300k-v2,412,pretraining_only
Trifolium striatum,,plantnet300k-v2,12,pretraining_only
Trifolium subterraneum,,plantnet300k-v2,41,pretraining_only
Trifolium thalii,,plantnet300k-v2,4,pretraining_only
Trifolium tomentosum,,plantnet300k-v2,59,pretraining_only
Trimezia martinicensis,,plantnet300k-v2,118,pretraining_only
Trinia glauca,,plantnet300k-v2,30,pretraining_only
Tuberaria lignosa,,plantnet300k-v2,23,pretraining_only
Urera baccifera,,plantnet300k-v2,18,pretraining_only
Vachellia caven,,plantnet300k-v2,12,pretraining_only
Vachellia drepanolobium,,plantnet300k-v2,27,pretraining_only
Vachellia etbaica,,plantnet300k-v2,9,pretraining_only
Vachellia farnesiana,,plantnet300k-v2,5,pretraining_only
Vachellia hockii,,plantnet300k-v2,10,pretraining_only
Vachellia nilotica,,plantnet300k-v2,10,pretraining_only
Vachellia rigidula,,plantnet300k-v2,4,pretraining_only
Vachellia seyal,,plantnet300k-v2,27,pretraining_only
Vachellia tortilis,,plantnet300k-v2,29,pretraining_only
Vachellia tortuosa,,plantnet300k-v2,9,pretraining_only
Vachellia xanthophloea,,plantnet300k-v2,19,pretraining_only
Valeriana angustifolia,,plantnet300k-v2,175,pretraining_only
Valeriana calcitrapae,,plantnet300k-v2,131,pretraining_only
Valeriana cornucopiae,,plantnet300k-v2,19,pretraining_only
Valeriana graciliflora,,plantnet300k-v2,29,pretraining_only
Valeriana lecoqii,,plantnet300k-v2,39,pretraining_only
Valeriana rubra,,plantnet300k-v2,6669,pretraining_only
Vangueria madagascariensis,,plantnet300k-v2,21,pretraining_only
Vanilla planifolia,,plantnet300k-v2,100,pretraining_only
Vanilla pompona,,plantnet300k-v2,12,pretraining_only
Vepris lanceolata,,plantnet300k-v2,6,pretraining_only
Veronica brachysiphon,,plantnet300k-v2,36,pretraining_only
Veronica ochracea,,plantnet300k-v2,5,pretraining_only
Veronica salicifolia,,plantnet300k-v2,627,pretraining_only
Veronica × andersonii,,plantnet300k-v2,227,pretraining_only
Veronica × franciscana,,plantnet300k-v2,21,pretraining_only
Viscaria alpina,,plantnet300k-v2,17,pretraining_only
Viscaria vulgaris,,plantnet300k-v2,166,pretraining_only
Vismia cayennensis,,plantnet300k-v2,7,pretraining_only
Vismia macrophylla,,plantnet300k-v2,4,pretraining_only
Vismia sessilifolia,,plantnet300k-v2,4,pretraining_only
Wigandia urens,,plantnet300k-v2,23,pretraining_only
Wodyetia bifurcata,,plantnet300k-v2,13,pretraining_only
Wyethia sagittata,,plantnet300k-v2,27,pretraining_only
Xylococcus bicolor,,plantnet300k-v2,4,pretraining_only
Xylopia crinita,,plantnet300k-v2,5,pretraining_only
Xylopia frutescens,,plantnet300k-v2,6,pretraining_only
Xylopia nitida,,plantnet300k-v2,14,pretraining_only
Xylopia sericea,,plantnet300k-v2,9,pretraining_only
Zaleya pentandra,,plantnet300k-v2,6,pretraining_only
Zamia furfuracea,,plantnet300k-v2,69,pretraining_only
Zamia pumila,,plantnet300k-v2,23,pretraining_only
Zamioculcas zamiifolia,,plantnet300k-v2,2164,pretraining_only
Zannichellia palustris,,plantnet300k-v2,5,pretraining_only
