scientific_name,source,matched_status,notes
Lavandula dentata,image_manifest,unmatched_usda_plants,No exact USDA PLANTS match; not guessed.
Nymphaea nouchali,image_manifest,unmatched_usda_plants,No exact USDA PLANTS match; not guessed.
Dryopteris aemula,image_manifest,unmatched_usda_plants,No exact USDA PLANTS match; not guessed.
Dryopteris affinis,image_manifest,unmatched_usda_plants,No exact USDA PLANTS match; not guessed.
Lithodora fruticosa,image_manifest,unmatched_usda_plants,No exact USDA PLANTS match; not guessed.
Gypsophila vaccaria,image_manifest,unmatched_usda_plants,No exact USDA PLANTS match; not guessed.
Calendula stellata,image_manifest,unmatched_usda_plants,No exact USDA PLANTS match; not guessed.
Carthamus caeruleus,image_manifest,unmatched_usda_plants,No exact USDA PLANTS match; not guessed.
Phonus lanatus,image_manifest,unmatched_usda_plants,No exact USDA PLANTS match; not guessed.
Cirsium monspessulanum,image_manifest,unmatched_usda_plants,No exact USDA PLANTS match; not guessed.
Hyoseris radiata,image_manifest,unmatched_usda_plants,No exact USDA PLANTS match; not guessed.
Lactuca tenerrima,image_manifest,unmatched_usda_plants,No exact USDA PLANTS match; not guessed.
Limbarda crithmoides,image_manifest,unmatched_usda_plants,No exact USDA PLANTS match; not guessed.
Petrosedum amplexicaule,image_manifest,unmatched_usda_plants,No exact USDA PLANTS match; not guessed.
Sedum andegavense,image_manifest,unmatched_usda_plants,No exact USDA PLANTS match; not guessed.
Sedum brevifolium,image_manifest,unmatched_usda_plants,No exact USDA PLANTS match; not guessed.
Sedum caeruleum,image_manifest,unmatched_usda_plants,No exact USDA PLANTS match; not guessed.
Sedum cespitosum,image_manifest,unmatched_usda_plants,No exact USDA PLANTS match; not guessed.
Sedum cepaea,image_manifest,unmatched_usda_plants,No exact USDA PLANTS match; not guessed.
Petrosedum forsterianum,image_manifest,unmatched_usda_plants,No exact USDA PLANTS match; not guessed.
Sedum hirsutum,image_manifest,unmatched_usda_plants,No exact USDA PLANTS match; not guessed.
Sedum litoreum,image_manifest,unmatched_usda_plants,No exact USDA PLANTS match; not guessed.
Sedum multiceps,image_manifest,unmatched_usda_plants,No exact USDA PLANTS match; not guessed.
Sedum rubens,image_manifest,unmatched_usda_plants,No exact USDA PLANTS match; not guessed.
Petrosedum sediforme,image_manifest,unmatched_usda_plants,No exact USDA PLANTS match; not guessed.
Boscia integrifolia,image_manifest,unmatched_usda_plants,No exact USDA PLANTS match; not guessed.
Fibigia clypeata,image_manifest,unmatched_usda_plants,No exact USDA PLANTS match; not guessed.
Maerua angolensis,image_manifest,unmatched_usda_plants,No exact USDA PLANTS match; not guessed.
Mercurialis perennis,image_manifest,unmatched_usda_plants,No exact USDA PLANTS match; not guessed.
Phyllanthus reticulatus,image_manifest,unmatched_usda_plants,No exact USDA PLANTS match; not guessed.
Hypericum australe,image_manifest,unmatched_usda_plants,No exact USDA PLANTS match; not guessed.
Hypericum empetrifolium,image_manifest,unmatched_usda_plants,No exact USDA PLANTS match; not guessed.
Hypericum hirsutum,image_manifest,unmatched_usda_plants,No exact USDA PLANTS match; not guessed.
Hypericum linariifolium,image_manifest,unmatched_usda_plants,No exact USDA PLANTS match; not guessed.
Hypericum montanum,image_manifest,unmatched_usda_plants,No exact USDA PLANTS match; not guessed.
Hypericum perfoliatum,image_manifest,unmatched_usda_plants,No exact USDA PLANTS match; not guessed.
Hypericum tetrapterum,image_manifest,unmatched_usda_plants,No exact USDA PLANTS match; not guessed.
Hypericum tomentosum,image_manifest,unmatched_usda_plants,No exact USDA PLANTS match; not guessed.
Lamium bifidum,image_manifest,unmatched_usda_plants,No exact USDA PLANTS match; not guessed.
Lamium flexuosum,image_manifest,unmatched_usda_plants,No exact USDA PLANTS match; not guessed.
Lamium garganicum,image_manifest,unmatched_usda_plants,No exact USDA PLANTS match; not guessed.
Lavandula canariensis,image_manifest,unmatched_usda_plants,No exact USDA PLANTS match; not guessed.
Lavandula minutolii,image_manifest,unmatched_usda_plants,No exact USDA PLANTS match; not guessed.
Lavandula multifida,image_manifest,unmatched_usda_plants,No exact USDA PLANTS match; not guessed.
Lupinus cosentinii,image_manifest,unmatched_usda_plants,No exact USDA PLANTS match; not guessed.
Lupinus gussoneanus,image_manifest,unmatched_usda_plants,No exact USDA PLANTS match; not guessed.
Trifolium ochroleucon,image_manifest,unmatched_usda_plants,No exact USDA PLANTS match; not guessed.
Papaver atlanticum,image_manifest,unmatched_usda_plants,No exact USDA PLANTS match; not guessed.
Papaver rupifragum,image_manifest,unmatched_usda_plants,No exact USDA PLANTS match; not guessed.
Goniolimon tataricum,image_manifest,unmatched_usda_plants,No exact USDA PLANTS match; not guessed.
Adonis flammea,image_manifest,unmatched_usda_plants,No exact USDA PLANTS match; not guessed.
Adonis microcarpa,image_manifest,unmatched_usda_plants,No exact USDA PLANTS match; not guessed.
Anemone palmata,image_manifest,unmatched_usda_plants,No exact USDA PLANTS match; not guessed.
Daphne gnidium,image_manifest,unmatched_usda_plants,No exact USDA PLANTS match; not guessed.
Daphne oleoides,image_manifest,unmatched_usda_plants,No exact USDA PLANTS match; not guessed.
Daucus muricatus,image_manifest,unmatched_usda_plants,No exact USDA PLANTS match; not guessed.
Meum athamanticum,image_manifest,unmatched_usda_plants,No exact USDA PLANTS match; not guessed.
Thapsia garganica,image_manifest,unmatched_usda_plants,No exact USDA PLANTS match; not guessed.
Thapsia villosa,image_manifest,unmatched_usda_plants,No exact USDA PLANTS match; not guessed.
Valeriana calcitrapae,image_manifest,unmatched_usda_plants,No exact USDA PLANTS match; not guessed.
Valeriana cornucopiae,image_manifest,unmatched_usda_plants,No exact USDA PLANTS match; not guessed.
Pancratium canariense,image_manifest,unmatched_usda_plants,No exact USDA PLANTS match; not guessed.
Anthericum liliago,image_manifest,unmatched_usda_plants,No exact USDA PLANTS match; not guessed.
Neotinea maculata,image_manifest,unmatched_usda_plants,No exact USDA PLANTS match; not guessed.
Ophrys apifera,image_manifest,unmatched_usda_plants,No exact USDA PLANTS match; not guessed.
Ophrys bombyliflora,image_manifest,unmatched_usda_plants,No exact USDA PLANTS match; not guessed.
Ophrys fusca,image_manifest,unmatched_usda_plants,No exact USDA PLANTS match; not guessed.
Ophrys lutea,image_manifest,unmatched_usda_plants,No exact USDA PLANTS match; not guessed.
Ophrys scolopax,image_manifest,unmatched_usda_plants,No exact USDA PLANTS match; not guessed.
Ophrys speculum,image_manifest,unmatched_usda_plants,No exact USDA PLANTS match; not guessed.
Ophrys tenthredinifera,image_manifest,unmatched_usda_plants,No exact USDA PLANTS match; not guessed.
Groenlandia densa,image_manifest,unmatched_usda_plants,No exact USDA PLANTS match; not guessed.
Hypericum triquetrifolium,image_manifest,unmatched_usda_plants,No exact USDA PLANTS match; not guessed.
Thesium humifusum,image_manifest,unmatched_usda_plants,No exact USDA PLANTS match; not guessed.
Vachellia etbaica,image_manifest,unmatched_usda_plants,No exact USDA PLANTS match; not guessed.
Valeriana angustifolia,image_manifest,unmatched_usda_plants,No exact USDA PLANTS match; not guessed.
Valeriana lecoqii,image_manifest,unmatched_usda_plants,No exact USDA PLANTS match; not guessed.
Sedum anglicum,image_manifest,unmatched_usda_plants,No exact USDA PLANTS match; not guessed.
Petrosedum rupestre,image_manifest,unmatched_usda_plants,No exact USDA PLANTS match; not guessed.
Tuberaria lignosa,image_manifest,unmatched_usda_plants,No exact USDA PLANTS match; not guessed.
Heptapleurum actinophyllum,image_manifest,unmatched_usda_plants,No exact USDA PLANTS match; not guessed.
Cenchrus setaceus,image_manifest,unmatched_usda_plants,No exact USDA PLANTS match; not guessed.
Anemone hortensis,image_manifest,unmatched_usda_plants,No exact USDA PLANTS match; not guessed.
Tradescantia cerinthoides,image_manifest,unmatched_usda_plants,No exact USDA PLANTS match; not guessed.
Roemeria argemone,image_manifest,unmatched_usda_plants,No exact USDA PLANTS match; not guessed.
Roemeria sicula,image_manifest,unmatched_usda_plants,No exact USDA PLANTS match; not guessed.
Aizoon canariense,image_manifest,unmatched_usda_plants,No exact USDA PLANTS match; not guessed.
Dalbergia melanoxylon,image_manifest,unmatched_usda_plants,No exact USDA PLANTS match; not guessed.
Barbarea intermedia,image_manifest,unmatched_usda_plants,No exact USDA PLANTS match; not guessed.
Ranunculus minimus,image_manifest,unmatched_usda_plants,No exact USDA PLANTS match; not guessed.
Valeriana rubra,image_manifest,unmatched_usda_plants,No exact USDA PLANTS match; not guessed.
Harpachne schimperi,image_manifest,unmatched_usda_plants,No exact USDA PLANTS match; not guessed.
Neltuma alba,image_manifest,unmatched_usda_plants,No exact USDA PLANTS match; not guessed.
Neltuma juliflora,image_manifest,unmatched_usda_plants,No exact USDA PLANTS match; not guessed.
Crotalaria chrysochlora,image_manifest,unmatched_usda_plants,No exact USDA PLANTS match; not guessed.
Crotalaria deflersii,image_manifest,unmatched_usda_plants,No exact USDA PLANTS match; not guessed.
Crotalaria polysperma,image_manifest,unmatched_usda_plants,No exact USDA PLANTS match; not guessed.
Crotalaria uguenensis,image_manifest,unmatched_usda_plants,No exact USDA PLANTS match; not guessed.
Vachellia drepanolobium,image_manifest,unmatched_usda_plants,No exact USDA PLANTS match; not guessed.
Vachellia hockii,image_manifest,unmatched_usda_plants,No exact USDA PLANTS match; not guessed.
Gomphocarpus integer,image_manifest,unmatched_usda_plants,No exact USDA PLANTS match; not guessed.
Gymnosporia putterlickioides,image_manifest,unmatched_usda_plants,No exact USDA PLANTS match; not guessed.
Conostomium longitubum,image_manifest,unmatched_usda_plants,No exact USDA PLANTS match; not guessed.
Conostomium quadrangulare,image_manifest,unmatched_usda_plants,No exact USDA PLANTS match; not guessed.
Pelargonium alchemilloides,image_manifest,unmatched_usda_plants,No exact USDA PLANTS match; not guessed.
Pelargonium quinquelobatum,image_manifest,unmatched_usda_plants,No exact USDA PLANTS match; not guessed.
Pelargonium glechomoides,image_manifest,unmatched_usda_plants,No exact USDA PLANTS match; not guessed.
Gynura procumbens,image_manifest,unmatched_usda_plants,No exact USDA PLANTS match; not guessed.
Aspilia mossambicensis,image_manifest,unmatched_usda_plants,No exact USDA PLANTS match; not guessed.
Aspilia pluriseta,image_manifest,unmatched_usda_plants,No exact USDA PLANTS match; not guessed.
Acalypha crenata,image_manifest,unmatched_usda_plants,No exact USDA PLANTS match; not guessed.
Phyllanthus fischeri,image_manifest,unmatched_usda_plants,No exact USDA PLANTS match; not guessed.
Phyllanthus suffrutescens,image_manifest,unmatched_usda_plants,No exact USDA PLANTS match; not guessed.
Hypericum annulatum,image_manifest,unmatched_usda_plants,No exact USDA PLANTS match; not guessed.
Boscia mossambicensis,image_manifest,unmatched_usda_plants,No exact USDA PLANTS match; not guessed.
Boscia coriacea,image_manifest,unmatched_usda_plants,No exact USDA PLANTS match; not guessed.
Aristea abyssinica,image_manifest,unmatched_usda_plants,No exact USDA PLANTS match; not guessed.
Aristea ecklonii,image_manifest,unmatched_usda_plants,No exact USDA PLANTS match; not guessed.
Erianthemum dregei,image_manifest,unmatched_usda_plants,No exact USDA PLANTS match; not guessed.
Lagenaria sphaerica,image_manifest,unmatched_usda_plants,No exact USDA PLANTS match; not guessed.
Asystasia riparia,image_manifest,unmatched_usda_plants,No exact USDA PLANTS match; not guessed.
Asystasia charmian,image_manifest,unmatched_usda_plants,No exact USDA PLANTS match; not guessed.
Zamioculcas zamiifolia,image_manifest,unmatched_usda_plants,No exact USDA PLANTS match; not guessed.
Kniphofia linearifolia,image_manifest,unmatched_usda_plants,No exact USDA PLANTS match; not guessed.
Smilax anceps,image_manifest,unmatched_usda_plants,No exact USDA PLANTS match; not guessed.
Ansellia africana,image_manifest,unmatched_usda_plants,No exact USDA PLANTS match; not guessed.
Hypericum balearicum,image_manifest,unmatched_usda_plants,No exact USDA PLANTS match; not guessed.
Ophrys holosericea,image_manifest,unmatched_usda_plants,No exact USDA PLANTS match; not guessed.
Odontites longiflorus,image_manifest,unmatched_usda_plants,No exact USDA PLANTS match; not guessed.
Cicerbita plumieri,image_manifest,unmatched_usda_plants,No exact USDA PLANTS match; not guessed.
Aizoanthemopsis hispanica,image_manifest,unmatched_usda_plants,No exact USDA PLANTS match; not guessed.
Cereus jamacaru,image_manifest,unmatched_usda_plants,No exact USDA PLANTS match; not guessed.
Sedum pachyphyllum,image_manifest,unmatched_usda_plants,No exact USDA PLANTS match; not guessed.
Atocion rupestre,image_manifest,unmatched_usda_plants,No exact USDA PLANTS match; not guessed.
Patzkea paniculata,image_manifest,unmatched_usda_plants,No exact USDA PLANTS match; not guessed.
Salvia abrotanoides,image_manifest,unmatched_usda_plants,No exact USDA PLANTS match; not guessed.
Ophrys x,image_manifest,unmatched_usda_plants,No exact USDA PLANTS match; not guessed.
Carthamus carduncellus,image_manifest,unmatched_usda_plants,No exact USDA PLANTS match; not guessed.
Carthamus mitissimus,image_manifest,unmatched_usda_plants,No exact USDA PLANTS match; not guessed.
Chaerophyllum aureum,image_manifest,unmatched_usda_plants,No exact USDA PLANTS match; not guessed.
Chaerophyllum hirsutum,image_manifest,unmatched_usda_plants,No exact USDA PLANTS match; not guessed.
Chaerophyllum villarsii,image_manifest,unmatched_usda_plants,No exact USDA PLANTS match; not guessed.
Cirsium alsophilum,image_manifest,unmatched_usda_plants,No exact USDA PLANTS match; not guessed.
Cirsium dissectum,image_manifest,unmatched_usda_plants,No exact USDA PLANTS match; not guessed.
Lophiolepis eriophora,image_manifest,unmatched_usda_plants,No exact USDA PLANTS match; not guessed.
Cirsium erisithales,image_manifest,unmatched_usda_plants,No exact USDA PLANTS match; not guessed.
Lophiolepis ferox,image_manifest,unmatched_usda_plants,No exact USDA PLANTS match; not guessed.
Cirsium glabrum,image_manifest,unmatched_usda_plants,No exact USDA PLANTS match; not guessed.
Lophiolepis morisiana,image_manifest,unmatched_usda_plants,No exact USDA PLANTS match; not guessed.
Cirsium oleraceum,image_manifest,unmatched_usda_plants,No exact USDA PLANTS match; not guessed.
Cirsium rivulare,image_manifest,unmatched_usda_plants,No exact USDA PLANTS match; not guessed.
Cirsium tuberosum,image_manifest,unmatched_usda_plants,No exact USDA PLANTS match; not guessed.
Cymbalaria aequitriloba,image_manifest,unmatched_usda_plants,No exact USDA PLANTS match; not guessed.
Cymbalaria hepaticifolia,image_manifest,unmatched_usda_plants,No exact USDA PLANTS match; not guessed.
Cytinus hypocistis,image_manifest,unmatched_usda_plants,No exact USDA PLANTS match; not guessed.
Cytinus ruber,image_manifest,unmatched_usda_plants,No exact USDA PLANTS match; not guessed.
Daphne alpina,image_manifest,unmatched_usda_plants,No exact USDA PLANTS match; not guessed.
Daphne striata,image_manifest,unmatched_usda_plants,No exact USDA PLANTS match; not guessed.
Cleretum bellidiforme,image_manifest,unmatched_usda_plants,No exact USDA PLANTS match; not guessed.
Dryopteris villarii,image_manifest,unmatched_usda_plants,No exact USDA PLANTS match; not guessed.
Epipactis leptochila,image_manifest,unmatched_usda_plants,No exact USDA PLANTS match; not guessed.
Epipactis microphylla,image_manifest,unmatched_usda_plants,No exact USDA PLANTS match; not guessed.
Epipactis muelleri,image_manifest,unmatched_usda_plants,No exact USDA PLANTS match; not guessed.
Epipactis phyllanthes,image_manifest,unmatched_usda_plants,No exact USDA PLANTS match; not guessed.
Epipactis purpurata,image_manifest,unmatched_usda_plants,No exact USDA PLANTS match; not guessed.
Valeriana graciliflora,image_manifest,unmatched_usda_plants,No exact USDA PLANTS match; not guessed.
Fragaria moschata,image_manifest,unmatched_usda_plants,No exact USDA PLANTS match; not guessed.
Freesia x,image_manifest,unmatched_usda_plants,No exact USDA PLANTS match; not guessed.
Galega orientalis,image_manifest,unmatched_usda_plants,No exact USDA PLANTS match; not guessed.
Geropogon hybridus,image_manifest,unmatched_usda_plants,No exact USDA PLANTS match; not guessed.
Gomphocarpus fruticosus,image_manifest,unmatched_usda_plants,No exact USDA PLANTS match; not guessed.
Veronica brachysiphon,image_manifest,unmatched_usda_plants,No exact USDA PLANTS match; not guessed.
Veronica ochracea,image_manifest,unmatched_usda_plants,No exact USDA PLANTS match; not guessed.
Veronica salicifolia,image_manifest,unmatched_usda_plants,No exact USDA PLANTS match; not guessed.
Helicodiceros muscivorus,image_manifest,unmatched_usda_plants,No exact USDA PLANTS match; not guessed.
Hypericum elodes,image_manifest,unmatched_usda_plants,No exact USDA PLANTS match; not guessed.
Hypericum x,image_manifest,unmatched_usda_plants,No exact USDA PLANTS match; not guessed.
Hypericum nummularium,image_manifest,unmatched_usda_plants,No exact USDA PLANTS match; not guessed.
Hypericum richeri,image_manifest,unmatched_usda_plants,No exact USDA PLANTS match; not guessed.
Dierama pulcherrimum,image_manifest,unmatched_usda_plants,No exact USDA PLANTS match; not guessed.
Euphrosyne xanthiifolia,image_manifest,unmatched_usda_plants,No exact USDA PLANTS match; not guessed.
Cicerbita alpina,image_manifest,unmatched_usda_plants,No exact USDA PLANTS match; not guessed.
Cicerbita macrophylla,image_manifest,unmatched_usda_plants,No exact USDA PLANTS match; not guessed.
Lactuca viminea,image_manifest,unmatched_usda_plants,No exact USDA PLANTS match; not guessed.
Lathraea clandestina,image_manifest,unmatched_usda_plants,No exact USDA PLANTS match; not guessed.
Lathraea squamaria,image_manifest,unmatched_usda_plants,No exact USDA PLANTS match; not guessed.
Lavandula x,image_manifest,unmatched_usda_plants,No exact USDA PLANTS match; not guessed.
Lupinus x,image_manifest,unmatched_usda_plants,No exact USDA PLANTS match; not guessed.
Mercurialis tomentosa,image_manifest,unmatched_usda_plants,No exact USDA PLANTS match; not guessed.
Moehringia ciliata,image_manifest,unmatched_usda_plants,No exact USDA PLANTS match; not guessed.
Moehringia muscosa,image_manifest,unmatched_usda_plants,No exact USDA PLANTS match; not guessed.
Moehringia pentandra,image_manifest,unmatched_usda_plants,No exact USDA PLANTS match; not guessed.
Neotinea lactea,image_manifest,unmatched_usda_plants,No exact USDA PLANTS match; not guessed.
Neotinea ustulata,image_manifest,unmatched_usda_plants,No exact USDA PLANTS match; not guessed.
Noccaea caerulescens,image_manifest,unmatched_usda_plants,No exact USDA PLANTS match; not guessed.
Noccaea rotundifolia,image_manifest,unmatched_usda_plants,No exact USDA PLANTS match; not guessed.
Nymphaea candida,image_manifest,unmatched_usda_plants,No exact USDA PLANTS match; not guessed.
Ophrys sphegodes,image_manifest,unmatched_usda_plants,No exact USDA PLANTS match; not guessed.
Ophrys bertolonii,image_manifest,unmatched_usda_plants,No exact USDA PLANTS match; not guessed.
Eriocapitella x,image_manifest,unmatched_usda_plants,No exact USDA PLANTS match; not guessed.
Pulsatilla alpina,image_manifest,unmatched_usda_plants,No exact USDA PLANTS match; not guessed.
Pancratium illyricum,image_manifest,unmatched_usda_plants,No exact USDA PLANTS match; not guessed.
Anemonoides apennina,image_manifest,unmatched_usda_plants,No exact USDA PLANTS match; not guessed.
Anemonoides baldensis,image_manifest,unmatched_usda_plants,No exact USDA PLANTS match; not guessed.
Oreomecon alpina,image_manifest,unmatched_usda_plants,No exact USDA PLANTS match; not guessed.
Oreomecon crocea,image_manifest,unmatched_usda_plants,No exact USDA PLANTS match; not guessed.
Papaver setiferum,image_manifest,unmatched_usda_plants,No exact USDA PLANTS match; not guessed.
Pulsatilla halleri,image_manifest,unmatched_usda_plants,No exact USDA PLANTS match; not guessed.
Pelargonium x,image_manifest,unmatched_usda_plants,No exact USDA PLANTS match; not guessed.
Pulsatilla montana,image_manifest,unmatched_usda_plants,No exact USDA PLANTS match; not guessed.
Anemonoides nemorosa,image_manifest,unmatched_usda_plants,No exact USDA PLANTS match; not guessed.
Pulsatilla rubra,image_manifest,unmatched_usda_plants,No exact USDA PLANTS match; not guessed.
Phedimus stellatus,image_manifest,unmatched_usda_plants,No exact USDA PLANTS match; not guessed.
Anemonoides sylvestris,image_manifest,unmatched_usda_plants,No exact USDA PLANTS match; not guessed.
Anemonoides trifolia,image_manifest,unmatched_usda_plants,No exact USDA PLANTS match; not guessed.
Pulsatilla vernalis,image_manifest,unmatched_usda_plants,No exact USDA PLANTS match; not guessed.
Angelica heterocarpa,image_manifest,unmatched_usda_plants,No exact USDA PLANTS match; not guessed.
Angelica razulii,image_manifest,unmatched_usda_plants,No exact USDA PLANTS match; not guessed.
Pleurospermum austriacum,image_manifest,unmatched_usda_plants,No exact USDA PLANTS match; not guessed.
Anthericum ramosum,image_manifest,unmatched_usda_plants,No exact USDA PLANTS match; not guessed.
Diascia rigescens,image_manifest,unmatched_usda_plants,No exact USDA PLANTS match; not guessed.
Diascia vigilis,image_manifest,unmatched_usda_plants,No exact USDA PLANTS match; not guessed.
Sedum alpestre,image_manifest,unmatched_usda_plants,No exact USDA PLANTS match; not guessed.
Phedimus kamtschaticus,image_manifest,unmatched_usda_plants,No exact USDA PLANTS match; not guessed.
Petrosedum ochroleucum,image_manifest,unmatched_usda_plants,No exact USDA PLANTS match; not guessed.
Telekia speciosa,image_manifest,unmatched_usda_plants,No exact USDA PLANTS match; not guessed.
Thesium alpinum,image_manifest,unmatched_usda_plants,No exact USDA PLANTS match; not guessed.
Tradescantia x,image_manifest,unmatched_usda_plants,No exact USDA PLANTS match; not guessed.
Eriocapitella hupehensis,image_manifest,unmatched_usda_plants,No exact USDA PLANTS match; not guessed.
Eriocapitella vitifolia,image_manifest,unmatched_usda_plants,No exact USDA PLANTS match; not guessed.
Adenostyles alpina,image_manifest,unmatched_usda_plants,No exact USDA PLANTS match; not guessed.
Alcea biennis,image_manifest,unmatched_usda_plants,No exact USDA PLANTS match; not guessed.
Cirsium acaulon,image_manifest,unmatched_usda_plants,No exact USDA PLANTS match; not guessed.
Fragaria viridis,image_manifest,unmatched_usda_plants,No exact USDA PLANTS match; not guessed.
Hypericum hyssopifolium,image_manifest,unmatched_usda_plants,No exact USDA PLANTS match; not guessed.
Lactuca perennis,image_manifest,unmatched_usda_plants,No exact USDA PLANTS match; not guessed.
Sedum atratum,image_manifest,unmatched_usda_plants,No exact USDA PLANTS match; not guessed.
Thesium pyrenaicum,image_manifest,unmatched_usda_plants,No exact USDA PLANTS match; not guessed.
Trinia glauca,image_manifest,unmatched_usda_plants,No exact USDA PLANTS match; not guessed.
Petrosedum montanum,image_manifest,unmatched_usda_plants,No exact USDA PLANTS match; not guessed.
Freesia leichtlinii,image_manifest,unmatched_usda_plants,No exact USDA PLANTS match; not guessed.
Cobaea scandens,image_manifest,unmatched_usda_plants,No exact USDA PLANTS match; not guessed.
Pulsatilla pratensis,image_manifest,unmatched_usda_plants,No exact USDA PLANTS match; not guessed.
Neotinea tridentata,image_manifest,unmatched_usda_plants,No exact USDA PLANTS match; not guessed.
Adenostyles alliariae,image_manifest,unmatched_usda_plants,No exact USDA PLANTS match; not guessed.
Sedum palmeri,image_manifest,unmatched_usda_plants,No exact USDA PLANTS match; not guessed.
Hypericum olympicum,image_manifest,unmatched_usda_plants,No exact USDA PLANTS match; not guessed.
Dryopteris erythrosora,image_manifest,unmatched_usda_plants,No exact USDA PLANTS match; not guessed.
Adenostyles leucophylla,image_manifest,unmatched_usda_plants,No exact USDA PLANTS match; not guessed.
Anemonoides blanda,image_manifest,unmatched_usda_plants,No exact USDA PLANTS match; not guessed.
Salvia yangii,image_manifest,unmatched_usda_plants,No exact USDA PLANTS match; not guessed.
Nothofagus antarctica,image_manifest,unmatched_usda_plants,No exact USDA PLANTS match; not guessed.
Neotinea conica,image_manifest,unmatched_usda_plants,No exact USDA PLANTS match; not guessed.
Alcea setosa,image_manifest,unmatched_usda_plants,No exact USDA PLANTS match; not guessed.
Daphne sericea,image_manifest,unmatched_usda_plants,No exact USDA PLANTS match; not guessed.
Lamium orvala,image_manifest,unmatched_usda_plants,No exact USDA PLANTS match; not guessed.
Paederota bonarota,image_manifest,unmatched_usda_plants,No exact USDA PLANTS match; not guessed.
Rhodothamnus chamaecistus,image_manifest,unmatched_usda_plants,No exact USDA PLANTS match; not guessed.
Ophrys lunulata,image_manifest,unmatched_usda_plants,No exact USDA PLANTS match; not guessed.
Astydamia latifolia,image_manifest,unmatched_usda_plants,No exact USDA PLANTS match; not guessed.
Lavandula pinnata,image_manifest,unmatched_usda_plants,No exact USDA PLANTS match; not guessed.
Acacia pravissima,image_manifest,unmatched_usda_plants,No exact USDA PLANTS match; not guessed.
Adonis pyrenaica,image_manifest,unmatched_usda_plants,No exact USDA PLANTS match; not guessed.
Barbarea rupicola,image_manifest,unmatched_usda_plants,No exact USDA PLANTS match; not guessed.
Acacia baileyana,image_manifest,unmatched_usda_plants,No exact USDA PLANTS match; not guessed.
Bellium bellidioides,image_manifest,unmatched_usda_plants,No exact USDA PLANTS match; not guessed.
Bocoa prouacensis,image_manifest,unmatched_usda_plants,No exact USDA PLANTS match; not guessed.
Guatteria anteridifera,image_manifest,unmatched_usda_plants,No exact USDA PLANTS match; not guessed.
Caraipa densifolia,image_manifest,unmatched_usda_plants,No exact USDA PLANTS match; not guessed.
Caraipa punctulata,image_manifest,unmatched_usda_plants,No exact USDA PLANTS match; not guessed.
Vismia cayennensis,image_manifest,unmatched_usda_plants,No exact USDA PLANTS match; not guessed.
Vismia macrophylla,image_manifest,unmatched_usda_plants,No exact USDA PLANTS match; not guessed.
Vismia sessilifolia,image_manifest,unmatched_usda_plants,No exact USDA PLANTS match; not guessed.
Xylopia nitida,image_manifest,unmatched_usda_plants,No exact USDA PLANTS match; not guessed.
Xylopia sericea,image_manifest,unmatched_usda_plants,No exact USDA PLANTS match; not guessed.
Pogonophora schomburgkiana,image_manifest,unmatched_usda_plants,No exact USDA PLANTS match; not guessed.
Sagotia racemosa,image_manifest,unmatched_usda_plants,No exact USDA PLANTS match; not guessed.
Tabernaemontana undulata,image_manifest,unmatched_usda_plants,No exact USDA PLANTS match; not guessed.
Guarea gomma,image_manifest,unmatched_usda_plants,No exact USDA PLANTS match; not guessed.
Anthurium hookeri,image_manifest,unmatched_usda_plants,No exact USDA PLANTS match; not guessed.
Anthurium jenmanii,image_manifest,unmatched_usda_plants,No exact USDA PLANTS match; not guessed.
Peperomia quadrangularis,image_manifest,unmatched_usda_plants,No exact USDA PLANTS match; not guessed.
Declieuxia fruticosa,image_manifest,unmatched_usda_plants,No exact USDA PLANTS match; not guessed.
Leuenbergeria bleo,image_manifest,unmatched_usda_plants,No exact USDA PLANTS match; not guessed.
Xylopia crinita,image_manifest,unmatched_usda_plants,No exact USDA PLANTS match; not guessed.
Aciotis rubricaulis,image_manifest,unmatched_usda_plants,No exact USDA PLANTS match; not guessed.
Guatteria amplifolia,image_manifest,unmatched_usda_plants,No exact USDA PLANTS match; not guessed.
Didymopanax decaphyllus,image_manifest,unmatched_usda_plants,No exact USDA PLANTS match; not guessed.
Aphelandra scabra,image_manifest,unmatched_usda_plants,No exact USDA PLANTS match; not guessed.
Guatteria citriodora,image_manifest,unmatched_usda_plants,No exact USDA PLANTS match; not guessed.
Guatteria punctata,image_manifest,unmatched_usda_plants,No exact USDA PLANTS match; not guessed.
Anthurium crystallinum,image_manifest,unmatched_usda_plants,No exact USDA PLANTS match; not guessed.
Cryptopus elatus,image_manifest,unmatched_usda_plants,No exact USDA PLANTS match; not guessed.
Alocasia longiloba,image_manifest,unmatched_usda_plants,No exact USDA PLANTS match; not guessed.
Faujasia salicifolia,image_manifest,unmatched_usda_plants,No exact USDA PLANTS match; not guessed.
Fernelia buxifolia,image_manifest,unmatched_usda_plants,No exact USDA PLANTS match; not guessed.
Fragaria x,image_manifest,unmatched_usda_plants,No exact USDA PLANTS match; not guessed.
Geniostoma borbonicum,image_manifest,unmatched_usda_plants,No exact USDA PLANTS match; not guessed.
Hernandia mascarenensis,image_manifest,unmatched_usda_plants,No exact USDA PLANTS match; not guessed.
Hypericum lanceolatum,image_manifest,unmatched_usda_plants,No exact USDA PLANTS match; not guessed.
Mussaenda arcuata,image_manifest,unmatched_usda_plants,No exact USDA PLANTS match; not guessed.
Nephrolepis abrupta,image_manifest,unmatched_usda_plants,No exact USDA PLANTS match; not guessed.
Acacia heterophylla,image_manifest,unmatched_usda_plants,No exact USDA PLANTS match; not guessed.
Rhodocactus grandifolius,image_manifest,unmatched_usda_plants,No exact USDA PLANTS match; not guessed.
Antirhea borbonica,image_manifest,unmatched_usda_plants,No exact USDA PLANTS match; not guessed.
Phyllanthus niruroides,image_manifest,unmatched_usda_plants,No exact USDA PLANTS match; not guessed.
Phyllanthus phillyreifolius,image_manifest,unmatched_usda_plants,No exact USDA PLANTS match; not guessed.
Acalypha integrifolia,image_manifest,unmatched_usda_plants,No exact USDA PLANTS match; not guessed.
Seriphium passerinoides,image_manifest,unmatched_usda_plants,No exact USDA PLANTS match; not guessed.
Strongylodon macrobotrys,image_manifest,unmatched_usda_plants,No exact USDA PLANTS match; not guessed.
Vepris lanceolata,image_manifest,unmatched_usda_plants,No exact USDA PLANTS match; not guessed.
Zaleya pentandra,image_manifest,unmatched_usda_plants,No exact USDA PLANTS match; not guessed.
Cereus repandus,image_manifest,unmatched_usda_plants,No exact USDA PLANTS match; not guessed.
Bismarckia nobilis,image_manifest,unmatched_usda_plants,No exact USDA PLANTS match; not guessed.
Heptapleurum arboricola,image_manifest,unmatched_usda_plants,No exact USDA PLANTS match; not guessed.
Aphelandra squarrosa,image_manifest,unmatched_usda_plants,No exact USDA PLANTS match; not guessed.
Peperomia argyraea,image_manifest,unmatched_usda_plants,No exact USDA PLANTS match; not guessed.
Peperomia caperata,image_manifest,unmatched_usda_plants,No exact USDA PLANTS match; not guessed.
Anthurium scherzerianum,image_manifest,unmatched_usda_plants,No exact USDA PLANTS match; not guessed.
Dendrobium nobile,image_manifest,unmatched_usda_plants,No exact USDA PLANTS match; not guessed.
Falcataria falcata,image_manifest,unmatched_usda_plants,No exact USDA PLANTS match; not guessed.
Dendrobium chrysotoxum,image_manifest,unmatched_usda_plants,No exact USDA PLANTS match; not guessed.
Dendrobium crumenatum,image_manifest,unmatched_usda_plants,No exact USDA PLANTS match; not guessed.
Dendrobium moschatum,image_manifest,unmatched_usda_plants,No exact USDA PLANTS match; not guessed.
Fittonia albivenis,image_manifest,unmatched_usda_plants,No exact USDA PLANTS match; not guessed.
Mussaenda pubescens,image_manifest,unmatched_usda_plants,No exact USDA PLANTS match; not guessed.
Phyllanthus mimosoides,image_manifest,unmatched_usda_plants,No exact USDA PLANTS match; not guessed.
Selenicereus anthonyanus,image_manifest,unmatched_usda_plants,No exact USDA PLANTS match; not guessed.
Anemonastrum canadense,image_manifest,unmatched_usda_plants,No exact USDA PLANTS match; not guessed.
Oreomecon nudicaulis,image_manifest,unmatched_usda_plants,No exact USDA PLANTS match; not guessed.
Wyethia sagittata,image_manifest,unmatched_usda_plants,No exact USDA PLANTS match; not guessed.
Hernandia cordigera,image_manifest,unmatched_usda_plants,No exact USDA PLANTS match; not guessed.
Acacia simplex,image_manifest,unmatched_usda_plants,No exact USDA PLANTS match; not guessed.
Dubouzetia confusa,image_manifest,unmatched_usda_plants,No exact USDA PLANTS match; not guessed.
Dubouzetia campanulata,image_manifest,unmatched_usda_plants,No exact USDA PLANTS match; not guessed.
Acacia spirorbis,image_manifest,unmatched_usda_plants,No exact USDA PLANTS match; not guessed.
Atractocarpus platixylon,image_manifest,unmatched_usda_plants,No exact USDA PLANTS match; not guessed.
Nepenthes vieillardii,image_manifest,unmatched_usda_plants,No exact USDA PLANTS match; not guessed.
Dendrobium closterium,image_manifest,unmatched_usda_plants,No exact USDA PLANTS match; not guessed.
Dracophyllum verticillatum,image_manifest,unmatched_usda_plants,No exact USDA PLANTS match; not guessed.
Schefflera spp.,image_manifest,unmatched_usda_plants,No exact USDA PLANTS match; not guessed.
Athyrium niponicum,image_manifest,unmatched_usda_plants,No exact USDA PLANTS match; not guessed.
Lithops fulviceps,image_manifest,unmatched_usda_plants,No exact USDA PLANTS match; not guessed.
Lithops karasmontana,image_manifest,unmatched_usda_plants,No exact USDA PLANTS match; not guessed.
Lithops marmorata,image_manifest,unmatched_usda_plants,No exact USDA PLANTS match; not guessed.
Lithops pseudotruncatella,image_manifest,unmatched_usda_plants,No exact USDA PLANTS match; not guessed.
Lithops spp.,image_manifest,unmatched_usda_plants,No exact USDA PLANTS match; not guessed.
Cephalocereus polylophus,image_manifest,unmatched_usda_plants,No exact USDA PLANTS match; not guessed.
Sedum morganianum,image_manifest,unmatched_usda_plants,No exact USDA PLANTS match; not guessed.
Dryopteris cycadina,image_manifest,unmatched_usda_plants,No exact USDA PLANTS match; not guessed.
Dryopteris sieboldii,image_manifest,unmatched_usda_plants,No exact USDA PLANTS match; not guessed.
Pelargonium crispum,image_manifest,unmatched_usda_plants,No exact USDA PLANTS match; not guessed.
Loropetalum chinense,image_manifest,unmatched_usda_plants,No exact USDA PLANTS match; not guessed.
Nothofagus alpina,image_manifest,unmatched_usda_plants,No exact USDA PLANTS match; not guessed.
Nothofagus pumilio,image_manifest,unmatched_usda_plants,No exact USDA PLANTS match; not guessed.
Abeliophyllum distichum,image_manifest,unmatched_usda_plants,No exact USDA PLANTS match; not guessed.
Dendrobium aphyllum,image_manifest,unmatched_usda_plants,No exact USDA PLANTS match; not guessed.
Dendrobium spp.,image_manifest,unmatched_usda_plants,No exact USDA PLANTS match; not guessed.
Heteromorpha arborescens,image_manifest,unmatched_usda_plants,No exact USDA PLANTS match; not guessed.
Lapageria rosea,image_manifest,unmatched_usda_plants,No exact USDA PLANTS match; not guessed.
Peperomia dolabriformis,image_manifest,unmatched_usda_plants,No exact USDA PLANTS match; not guessed.
Maurandya barclayana,image_manifest,unmatched_usda_plants,No exact USDA PLANTS match; not guessed.
Browallia speciosa,image_manifest,unmatched_usda_plants,No exact USDA PLANTS match; not guessed.
Alocasia cuprea,image_manifest,unmatched_usda_plants,No exact USDA PLANTS match; not guessed.
Alocasia micholitziana,image_manifest,unmatched_usda_plants,No exact USDA PLANTS match; not guessed.
Daphne odora,image_manifest,unmatched_usda_plants,No exact USDA PLANTS match; not guessed.
Alocasia sanderiana,image_manifest,unmatched_usda_plants,No exact USDA PLANTS match; not guessed.
Daphne tangutica,image_manifest,unmatched_usda_plants,No exact USDA PLANTS match; not guessed.
Nepenthes spp.,image_manifest,unmatched_usda_plants,No exact USDA PLANTS match; not guessed.
Pelargonium spp.,image_manifest,unmatched_usda_plants,No exact USDA PLANTS match; not guessed.
Aphelandra sinclairiana,image_manifest,unmatched_usda_plants,No exact USDA PLANTS match; not guessed.
Pelargonium grandiflorum,image_manifest,unmatched_usda_plants,No exact USDA PLANTS match; not guessed.
Hypericum revolutum,image_manifest,unmatched_usda_plants,No exact USDA PLANTS match; not guessed.
Breynia vitis-idaea,image_manifest,unmatched_usda_plants,No exact USDA PLANTS match; not guessed.
Freycinetia cumingiana,image_manifest,unmatched_usda_plants,No exact USDA PLANTS match; not guessed.
Dischidia nummularia,image_manifest,unmatched_usda_plants,No exact USDA PLANTS match; not guessed.
Heptapleurum heptaphyllum,image_manifest,unmatched_usda_plants,No exact USDA PLANTS match; not guessed.
Barringtonia acutangula,image_manifest,unmatched_usda_plants,No exact USDA PLANTS match; not guessed.
Maerua triphylla,image_manifest,unmatched_usda_plants,No exact USDA PLANTS match; not guessed.
Asystasia mysorensis,image_manifest,unmatched_usda_plants,No exact USDA PLANTS match; not guessed.
Neltuma glandulosa,image_manifest,unmatched_usda_plants,No exact USDA PLANTS match; not guessed.
Strombocarpa pubescens,image_manifest,unmatched_usda_plants,No exact USDA PLANTS match; not guessed.
Aextoxicon punctatum,image_manifest,unmatched_usda_plants,No exact USDA PLANTS match; not guessed.
Lithops aucampiae,image_manifest,unmatched_usda_plants,No exact USDA PLANTS match; not guessed.
Lithops olivacea,image_manifest,unmatched_usda_plants,No exact USDA PLANTS match; not guessed.
Cyrtanthus elatus,image_manifest,unmatched_usda_plants,No exact USDA PLANTS match; not guessed.
Guatteria aeruginosa,image_manifest,unmatched_usda_plants,No exact USDA PLANTS match; not guessed.
Dischidia ovata,image_manifest,unmatched_usda_plants,No exact USDA PLANTS match; not guessed.
Trachelospermum asiaticum,image_manifest,unmatched_usda_plants,No exact USDA PLANTS match; not guessed.
Alocasia baginda,image_manifest,unmatched_usda_plants,No exact USDA PLANTS match; not guessed.
Alocasia lauterbachiana,image_manifest,unmatched_usda_plants,No exact USDA PLANTS match; not guessed.
Alocasia reginula,image_manifest,unmatched_usda_plants,No exact USDA PLANTS match; not guessed.
Alocasia wentii,image_manifest,unmatched_usda_plants,No exact USDA PLANTS match; not guessed.
Alocasia zebrina,image_manifest,unmatched_usda_plants,No exact USDA PLANTS match; not guessed.
Anthurium clarinervium,image_manifest,unmatched_usda_plants,No exact USDA PLANTS match; not guessed.
Anthurium faustomirandae,image_manifest,unmatched_usda_plants,No exact USDA PLANTS match; not guessed.
Anthurium salvinii,image_manifest,unmatched_usda_plants,No exact USDA PLANTS match; not guessed.
Anthurium schlechtendalii,image_manifest,unmatched_usda_plants,No exact USDA PLANTS match; not guessed.
Anthurium veitchii,image_manifest,unmatched_usda_plants,No exact USDA PLANTS match; not guessed.
Anthurium warocqueanum,image_manifest,unmatched_usda_plants,No exact USDA PLANTS match; not guessed.
Wodyetia bifurcata,image_manifest,unmatched_usda_plants,No exact USDA PLANTS match; not guessed.
Cereus forbesii,image_manifest,unmatched_usda_plants,No exact USDA PLANTS match; not guessed.
Coryphantha elephantidens,image_manifest,unmatched_usda_plants,No exact USDA PLANTS match; not guessed.
Pilosocereus chrysostele,image_manifest,unmatched_usda_plants,No exact USDA PLANTS match; not guessed.
Pilosocereus pachycladus,image_manifest,unmatched_usda_plants,No exact USDA PLANTS match; not guessed.
Stenocactus multicostatus,image_manifest,unmatched_usda_plants,No exact USDA PLANTS match; not guessed.
Tephrocactus alexanderi,image_manifest,unmatched_usda_plants,No exact USDA PLANTS match; not guessed.
Pterocephalus pterocephala,image_manifest,unmatched_usda_plants,No exact USDA PLANTS match; not guessed.
Maytenus ilicifolia,image_manifest,unmatched_usda_plants,No exact USDA PLANTS match; not guessed.
Cyanotis somaliensis,image_manifest,unmatched_usda_plants,No exact USDA PLANTS match; not guessed.
Tradescantia sillamontana,image_manifest,unmatched_usda_plants,No exact USDA PLANTS match; not guessed.
Leptinella potentillina,image_manifest,unmatched_usda_plants,No exact USDA PLANTS match; not guessed.
Leucophyta brownii,image_manifest,unmatched_usda_plants,No exact USDA PLANTS match; not guessed.
Crassothonna capensis,image_manifest,unmatched_usda_plants,No exact USDA PLANTS match; not guessed.
Tagetes lunulata,image_manifest,unmatched_usda_plants,No exact USDA PLANTS match; not guessed.
Sedum adolphi,image_manifest,unmatched_usda_plants,No exact USDA PLANTS match; not guessed.
Sedum allantoides,image_manifest,unmatched_usda_plants,No exact USDA PLANTS match; not guessed.
Sedum burrito,image_manifest,unmatched_usda_plants,No exact USDA PLANTS match; not guessed.
Sedum clavatum,image_manifest,unmatched_usda_plants,No exact USDA PLANTS match; not guessed.
Hylotelephium cyaneum,image_manifest,unmatched_usda_plants,No exact USDA PLANTS match; not guessed.
Sedum kimnachii,image_manifest,unmatched_usda_plants,No exact USDA PLANTS match; not guessed.
Sedum furfuraceum,image_manifest,unmatched_usda_plants,No exact USDA PLANTS match; not guessed.
Sedum hernandezii,image_manifest,unmatched_usda_plants,No exact USDA PLANTS match; not guessed.
Sedum japonicum,image_manifest,unmatched_usda_plants,No exact USDA PLANTS match; not guessed.
Sedum makinoi,image_manifest,unmatched_usda_plants,No exact USDA PLANTS match; not guessed.
Sedum x,image_manifest,unmatched_usda_plants,No exact USDA PLANTS match; not guessed.
Carex punicea,image_manifest,unmatched_usda_plants,No exact USDA PLANTS match; not guessed.
Acalypha macrostachya,image_manifest,unmatched_usda_plants,No exact USDA PLANTS match; not guessed.
Pelargonium echinatum,image_manifest,unmatched_usda_plants,No exact USDA PLANTS match; not guessed.
Pelargonium sidoides,image_manifest,unmatched_usda_plants,No exact USDA PLANTS match; not guessed.
Pelargonium tomentosum,image_manifest,unmatched_usda_plants,No exact USDA PLANTS match; not guessed.
Senegalia brevispica,image_manifest,unmatched_usda_plants,No exact USDA PLANTS match; not guessed.
Acacia confluens,image_manifest,unmatched_usda_plants,No exact USDA PLANTS match; not guessed.
Dalbergia retusa,image_manifest,unmatched_usda_plants,No exact USDA PLANTS match; not guessed.
Neltuma pallida,image_manifest,unmatched_usda_plants,No exact USDA PLANTS match; not guessed.
Cedrela fissilis,image_manifest,unmatched_usda_plants,No exact USDA PLANTS match; not guessed.
Nepenthes x,image_manifest,unmatched_usda_plants,No exact USDA PLANTS match; not guessed.
Nothofagus betuloides,image_manifest,unmatched_usda_plants,No exact USDA PLANTS match; not guessed.
Nothofagus nitida,image_manifest,unmatched_usda_plants,No exact USDA PLANTS match; not guessed.
Nymphaea rubra,image_manifest,unmatched_usda_plants,No exact USDA PLANTS match; not guessed.
Dendrobium anosmum,image_manifest,unmatched_usda_plants,No exact USDA PLANTS match; not guessed.
Dendrobium kingianum,image_manifest,unmatched_usda_plants,No exact USDA PLANTS match; not guessed.
Dendrobium munificum,image_manifest,unmatched_usda_plants,No exact USDA PLANTS match; not guessed.
Dendrobium thyrsiflorum,image_manifest,unmatched_usda_plants,No exact USDA PLANTS match; not guessed.
Dendrobium victoriae-reginae,image_manifest,unmatched_usda_plants,No exact USDA PLANTS match; not guessed.
Erycina pusilla,image_manifest,unmatched_usda_plants,No exact USDA PLANTS match; not guessed.
Peperomia albovittata,image_manifest,unmatched_usda_plants,No exact USDA PLANTS match; not guessed.
Peperomia clusiifolia,image_manifest,unmatched_usda_plants,No exact USDA PLANTS match; not guessed.
Peperomia columella,image_manifest,unmatched_usda_plants,No exact USDA PLANTS match; not guessed.
Peperomia ferreyrae,image_manifest,unmatched_usda_plants,No exact USDA PLANTS match; not guessed.
Peperomia graveolens,image_manifest,unmatched_usda_plants,No exact USDA PLANTS match; not guessed.
Peperomia pecuniifolia,image_manifest,unmatched_usda_plants,No exact USDA PLANTS match; not guessed.
Peperomia polybotrya,image_manifest,unmatched_usda_plants,No exact USDA PLANTS match; not guessed.
Peperomia prostrata,image_manifest,unmatched_usda_plants,No exact USDA PLANTS match; not guessed.
Peperomia tetragona,image_manifest,unmatched_usda_plants,No exact USDA PLANTS match; not guessed.
Peperomia verticillata,image_manifest,unmatched_usda_plants,No exact USDA PLANTS match; not guessed.
Lomatia ferruginea,image_manifest,unmatched_usda_plants,No exact USDA PLANTS match; not guessed.
Anemone pavoniana,image_manifest,unmatched_usda_plants,No exact USDA PLANTS match; not guessed.
Eriocapitella tomentosa,image_manifest,unmatched_usda_plants,No exact USDA PLANTS match; not guessed.
Eumachia haematocarpa,image_manifest,unmatched_usda_plants,No exact USDA PLANTS match; not guessed.
Angostura granulosa,image_manifest,unmatched_usda_plants,No exact USDA PLANTS match; not guessed.
Smilax excelsa,image_manifest,unmatched_usda_plants,No exact USDA PLANTS match; not guessed.
Coussapoa villosa,image_manifest,unmatched_usda_plants,No exact USDA PLANTS match; not guessed.
Cyphostemma cyphopetalum,image_manifest,unmatched_usda_plants,No exact USDA PLANTS match; not guessed.
Cyphostemma juttae,image_manifest,unmatched_usda_plants,No exact USDA PLANTS match; not guessed.
Cyphostemma serpens,image_manifest,unmatched_usda_plants,No exact USDA PLANTS match; not guessed.
Nepenthes alata,image_manifest,unmatched_usda_plants,No exact USDA PLANTS match; not guessed.
Nepenthes truncata,image_manifest,unmatched_usda_plants,No exact USDA PLANTS match; not guessed.
Lavandula spp.,image_manifest,unmatched_usda_plants,No exact USDA PLANTS match; not guessed.
Aphelandra aurantiaca,image_manifest,unmatched_usda_plants,No exact USDA PLANTS match; not guessed.
Guatteria dolichopoda,image_manifest,unmatched_usda_plants,No exact USDA PLANTS match; not guessed.
Stenanona costaricensis,image_manifest,unmatched_usda_plants,No exact USDA PLANTS match; not guessed.
Bourreria andrieuxii,image_manifest,unmatched_usda_plants,No exact USDA PLANTS match; not guessed.
Bourreria costaricensis,image_manifest,unmatched_usda_plants,No exact USDA PLANTS match; not guessed.
Alibertia edulis,image_manifest,unmatched_usda_plants,No exact USDA PLANTS match; not guessed.
